"Code","Class","Order","Suborder","Family","Subfamily","Genus","Species","SpeciesEpithet","Seeds","Fruits","Leaves","Flowers","Nectar","Insects","Arachnids","Centipedes","Fishes","Amphibians","Reptiles","Birds","Mammals"
"YIN010101001","Mammalia","Chiroptera","Yinpterochiroptera","Pteropodidae","Rousettinae","Scotonycteris","zenkeri","Scotonycteris_zenkeri",0,2,0,0,0,0,0,0,0,0,0,0,0
"YIN010101002","Mammalia","Chiroptera","Yinpterochiroptera","Pteropodidae","Rousettinae","Scotonycteris","occidentalis","Scotonycteris_occidentalis",0,2,0,0,0,0,0,0,0,0,0,0,0
"YIN010101003","Mammalia","Chiroptera","Yinpterochiroptera","Pteropodidae","Rousettinae","Scotonycteris","bergmansi","Scotonycteris_bergmansi",0,2,0,0,0,0,0,0,0,0,0,0,0
"YIN010102001","Mammalia","Chiroptera","Yinpterochiroptera","Pteropodidae","Rousettinae","Casinycteris","argynnis","Casinycteris_argynnis",0,2,0,0,0,0,0,0,0,0,0,0,0
"YIN010102002","Mammalia","Chiroptera","Yinpterochiroptera","Pteropodidae","Rousettinae","Casinycteris","ophiodon","Casinycteris_ophiodon",0,2,0,0,0,0,0,0,0,0,0,0,0
"YIN010102003","Mammalia","Chiroptera","Yinpterochiroptera","Pteropodidae","Rousettinae","Casinycteris","campomaanensis","Casinycteris_campomaanensis",0,2,0,0,0,0,0,0,0,0,0,0,0
"YIN010103001","Mammalia","Chiroptera","Yinpterochiroptera","Pteropodidae","Rousettinae","Rousettus","aegyptiacus","Rousettus_aegyptiacus",0,2,1,1,0,1,0,0,0,0,0,0,0
"YIN010103002","Mammalia","Chiroptera","Yinpterochiroptera","Pteropodidae","Rousettinae","Rousettus","madagascariensis","Rousettus_madagascariensis",0,2,1,1,2,0,0,0,0,0,0,0,0
"YIN010103003","Mammalia","Chiroptera","Yinpterochiroptera","Pteropodidae","Rousettinae","Rousettus","obliviosus","Rousettus_obliviosus",0,2,1,1,1,0,0,0,0,0,0,0,0
"YIN010104001","Mammalia","Chiroptera","Yinpterochiroptera","Pteropodidae","Rousettinae","Stenonycteris","lanosus","Stenonycteris_lanosus",0,2,0,0,2,0,0,0,0,0,0,0,0
"YIN010105001","Mammalia","Chiroptera","Yinpterochiroptera","Pteropodidae","Rousettinae","Megaloglossus","azagnyi","Megaloglossus_azagnyi",0,0,0,0,2,0,0,0,0,0,0,0,0
"YIN010105002","Mammalia","Chiroptera","Yinpterochiroptera","Pteropodidae","Rousettinae","Megaloglossus","woermanni","Megaloglossus_woermanni",0,0,0,0,2,0,0,0,0,0,0,0,0
"YIN010106001","Mammalia","Chiroptera","Yinpterochiroptera","Pteropodidae","Rousettinae","Lissonycteris","angolensis","Lissonycteris_angolensis",0,2,0,0,0,0,0,0,0,0,0,0,0
"YIN010107001","Mammalia","Chiroptera","Yinpterochiroptera","Pteropodidae","Rousettinae","Myonycteris","torquata","Myonycteris_torquata",0,2,0,0,0,0,0,0,0,0,0,0,0
"YIN010107002","Mammalia","Chiroptera","Yinpterochiroptera","Pteropodidae","Rousettinae","Myonycteris","brachycephala","Myonycteris_brachycephala",0,2,0,0,0,0,0,0,0,0,0,0,0
"YIN010107003","Mammalia","Chiroptera","Yinpterochiroptera","Pteropodidae","Rousettinae","Myonycteris","leptodon","Myonycteris_leptodon",0,2,0,0,0,0,0,0,0,0,0,0,0
"YIN010107004","Mammalia","Chiroptera","Yinpterochiroptera","Pteropodidae","Rousettinae","Myonycteris","relicta","Myonycteris_relicta",NA,2,NA,NA,NA,0,0,0,0,0,0,0,0
"YIN010108001","Mammalia","Chiroptera","Yinpterochiroptera","Pteropodidae","Rousettinae","Plerotes","anchietae","Plerotes_anchietae",0,2,0,0,2,0,0,0,0,0,0,0,0
"YIN010109001","Mammalia","Chiroptera","Yinpterochiroptera","Pteropodidae","Rousettinae","Hypsignathus","monstrosus","Hypsignathus_monstrosus",0,2,0,0,0,0,0,0,0,0,0,0,0
"YIN010110001","Mammalia","Chiroptera","Yinpterochiroptera","Pteropodidae","Rousettinae","Epomops","franqueti","Epomops_franqueti",0,2,0,0,0,0,0,0,0,0,0,0,0
"YIN010110002","Mammalia","Chiroptera","Yinpterochiroptera","Pteropodidae","Rousettinae","Epomops","buettikoferi","Epomops_buettikoferi",0,2,0,1,0,0,0,0,0,0,0,0,0
"YIN010111001","Mammalia","Chiroptera","Yinpterochiroptera","Pteropodidae","Rousettinae","Nanonycteris","veldkampii","Nanonycteris_veldkampii",0,2,0,0,2,0,0,0,0,0,0,0,0
"YIN010112001","Mammalia","Chiroptera","Yinpterochiroptera","Pteropodidae","Rousettinae","Epomophorus","gambianus","Epomophorus_gambianus",0,2,0,0,2,0,0,0,0,0,0,0,0
"YIN010112002","Mammalia","Chiroptera","Yinpterochiroptera","Pteropodidae","Rousettinae","Epomophorus","crypturus","Epomophorus_crypturus",0,2,0,0,2,0,0,0,0,0,0,0,0
"YIN010112003","Mammalia","Chiroptera","Yinpterochiroptera","Pteropodidae","Rousettinae","Epomophorus","angolensis","Epomophorus_angolensis",0,2,0,0,2,0,0,0,0,0,0,0,0
"YIN010112004","Mammalia","Chiroptera","Yinpterochiroptera","Pteropodidae","Rousettinae","Epomophorus","labiatus","Epomophorus_labiatus",0,2,0,0,1,0,0,0,0,0,0,0,0
"YIN010112005","Mammalia","Chiroptera","Yinpterochiroptera","Pteropodidae","Rousettinae","Epomophorus","minor","Epomophorus_minor",0,2,0,0,2,0,0,0,0,0,0,0,0
"YIN010112006","Mammalia","Chiroptera","Yinpterochiroptera","Pteropodidae","Rousettinae","Epomophorus","anselli","Epomophorus_anselli",0,2,0,0,0,0,0,0,0,0,0,0,0
"YIN010112007","Mammalia","Chiroptera","Yinpterochiroptera","Pteropodidae","Rousettinae","Epomophorus","wahlbergi","Epomophorus_wahlbergi",0,2,1,0,2,1,1,1,0,0,0,0,0
"YIN010112008","Mammalia","Chiroptera","Yinpterochiroptera","Pteropodidae","Rousettinae","Epomophorus","dobsonii","Epomophorus_dobsonii",0,2,0,0,2,0,0,0,0,0,0,0,0
"YIN010112009","Mammalia","Chiroptera","Yinpterochiroptera","Pteropodidae","Rousettinae","Epomophorus","grandis","Epomophorus_grandis",0,2,0,0,2,0,0,0,0,0,0,0,0
"YIN010112010","Mammalia","Chiroptera","Yinpterochiroptera","Pteropodidae","Rousettinae","Epomophorus","pusillus","Epomophorus_pusillus",0,2,0,1,1,0,0,0,0,0,0,0,0
"YIN010112011","Mammalia","Chiroptera","Yinpterochiroptera","Pteropodidae","Rousettinae","Epomophorus","intermedius","Epomophorus_intermedius",0,2,0,0,2,0,0,0,0,0,0,0,0
"YIN010201001","Mammalia","Chiroptera","Yinpterochiroptera","Pteropodidae","Eidolinae","Eidolon","helvum","Eidolon_helvum",0,2,2,2,2,0,0,0,0,0,0,0,0
"YIN010201002","Mammalia","Chiroptera","Yinpterochiroptera","Pteropodidae","Eidolinae","Eidolon","dupreanum","Eidolon_dupreanum",0,2,1,1,1,0,0,0,0,0,0,0,0
"YIN010301001","Mammalia","Chiroptera","Yinpterochiroptera","Pteropodidae","Pteropodinae","Pteropus","livingstonii","Pteropus_livingstonii",0,2,1,1,1,0,0,0,0,0,0,0,0
"YIN010301002","Mammalia","Chiroptera","Yinpterochiroptera","Pteropodidae","Pteropodinae","Pteropus","voeltzkowi","Pteropus_voeltzkowi",0,2,1,1,0,0,0,0,0,0,0,0,0
"YIN010301003","Mammalia","Chiroptera","Yinpterochiroptera","Pteropodidae","Pteropodinae","Pteropus","rodricensis","Pteropus_rodricensis",0,2,1,1,1,1,1,1,0,0,0,0,0
"YIN010301004","Mammalia","Chiroptera","Yinpterochiroptera","Pteropodidae","Pteropodinae","Pteropus","aldabrensis","Pteropus_aldabrensis",0,2,2,2,0,1,0,0,0,0,0,0,0
"YIN010301005","Mammalia","Chiroptera","Yinpterochiroptera","Pteropodidae","Pteropodinae","Pteropus","rufus","Pteropus_rufus",0,2,1,1,1,0,0,0,0,0,0,0,0
"YIN010301006","Mammalia","Chiroptera","Yinpterochiroptera","Pteropodidae","Pteropodinae","Pteropus","seychellensis","Pteropus_seychellensis",0,2,2,0,2,0,0,0,0,0,0,0,0
"YIN010301007","Mammalia","Chiroptera","Yinpterochiroptera","Pteropodidae","Pteropodinae","Pteropus","niger","Pteropus_niger",0,2,1,1,0,0,0,0,0,0,0,0,0
"YIN020001001","Mammalia","Chiroptera","Yinpterochiroptera","Rhinopomatidae",NA,"Rhinopoma","microphyllum","Rhinopoma_microphyllum",0,0,0,0,0,2,0,0,0,0,0,0,0
"YIN020001002","Mammalia","Chiroptera","Yinpterochiroptera","Rhinopomatidae",NA,"Rhinopoma","cystops","Rhinopoma_cystops",0,0,0,0,0,2,0,0,0,0,0,0,0
"YIN020001003","Mammalia","Chiroptera","Yinpterochiroptera","Rhinopomatidae",NA,"Rhinopoma","macinnesi","Rhinopoma_macinnesi",0,0,0,0,0,2,0,0,0,0,0,0,0
"YIN030001001","Mammalia","Chiroptera","Yinpterochiroptera","Megadermatidae",NA,"Lavia","frons","Lavia_frons",0,0,0,0,0,2,0,0,0,0,0,0,0
"YIN030002001","Mammalia","Chiroptera","Yinpterochiroptera","Megadermatidae",NA,"Cardioderma","cor","Cardioderma_cor",0,0,0,0,0,2,2,2,0,1,0,0,1
"YIN040001001","Mammalia","Chiroptera","Yinpterochiroptera","Rhinonycteridae",NA,"Triaenops","afer","Triaenops_afer",0,0,0,0,0,2,0,0,0,0,0,0,0
"YIN040001002","Mammalia","Chiroptera","Yinpterochiroptera","Rhinonycteridae",NA,"Triaenops","menamena","Triaenops_menamena",0,0,0,0,0,2,0,0,0,0,0,0,0
"YIN040002001","Mammalia","Chiroptera","Yinpterochiroptera","Rhinonycteridae",NA,"Cloeotis","percivali","Cloeotis_percivali",0,0,0,0,0,2,0,0,0,0,0,0,0
"YIN040003001","Mammalia","Chiroptera","Yinpterochiroptera","Rhinonycteridae",NA,"Paratriaenops","auritus","Paratriaenops_auritus",0,0,0,0,0,2,0,0,0,0,0,0,0
"YIN040003002","Mammalia","Chiroptera","Yinpterochiroptera","Rhinonycteridae",NA,"Paratriaenops","furculus","Paratriaenops_furcula",0,0,0,0,0,2,0,0,0,0,0,0,0
"YIN040003003","Mammalia","Chiroptera","Yinpterochiroptera","Rhinonycteridae",NA,"Paratriaenops","pauliani","Paratriaenops_pauliani",0,0,0,0,0,2,2,2,0,0,0,0,0
"YIN050001001","Mammalia","Chiroptera","Yinpterochiroptera","Hipposideridae",NA,"Asellia","italosomalica","Asellia_italosomalica",0,0,0,0,0,2,2,2,0,0,0,0,0
"YIN050001002","Mammalia","Chiroptera","Yinpterochiroptera","Hipposideridae",NA,"Asellia","patrizii","Asellia_patrizii",0,0,0,0,0,2,2,2,0,0,0,0,0
"YIN050001003","Mammalia","Chiroptera","Yinpterochiroptera","Hipposideridae",NA,"Asellia","tridens","Asellia_tridens",0,0,0,0,0,2,0,0,0,0,0,0,0
"YIN050002001","Mammalia","Chiroptera","Yinpterochiroptera","Hipposideridae",NA,"Doryrhina","camerunensis","Doryrhina_camerunensis",0,0,0,0,0,2,2,2,0,0,0,0,0
"YIN050002002","Mammalia","Chiroptera","Yinpterochiroptera","Hipposideridae",NA,"Doryrhina","cyclops","Doryrhina_cyclops",0,0,0,0,0,2,2,2,0,0,0,0,0
"YIN050003001","Mammalia","Chiroptera","Yinpterochiroptera","Hipposideridae",NA,"Macronycteris","commersoni","Macronycteris_commersonii",0,0,0,0,0,2,0,0,NA,1,NA,NA,NA
"YIN050003002","Mammalia","Chiroptera","Yinpterochiroptera","Hipposideridae",NA,"Macronycteris","cryptovalorona","Macronycteris_cryptovalorona",0,0,0,0,0,2,2,2,0,0,0,0,0
"YIN050003003","Mammalia","Chiroptera","Yinpterochiroptera","Hipposideridae",NA,"Macronycteris","gigas","Macronycteris_gigas",0,0,0,0,0,2,2,2,0,0,0,0,0
"YIN050003004","Mammalia","Chiroptera","Yinpterochiroptera","Hipposideridae",NA,"Macronycteris","thomensis","Macronycteris_thomensis",0,0,0,0,0,2,2,2,0,0,0,0,0
"YIN050003005","Mammalia","Chiroptera","Yinpterochiroptera","Hipposideridae",NA,"Macronycteris","vittatus","Macronycteris_vittatus",0,0,0,0,0,2,2,2,0,0,0,0,0
"YIN050004001","Mammalia","Chiroptera","Yinpterochiroptera","Hipposideridae",NA,"Hipposideros","megalotis","Hipposideros_megalotis",0,0,0,0,0,2,2,2,0,0,0,0,0
"YIN050004002","Mammalia","Chiroptera","Yinpterochiroptera","Hipposideridae",NA,"Hipposideros","curtus","Hipposideros_curtus",0,0,0,0,0,2,2,2,0,0,0,0,0
"YIN050004003","Mammalia","Chiroptera","Yinpterochiroptera","Hipposideridae",NA,"Hipposideros","jonesi","Hipposideros_jonesi",0,0,0,0,0,2,2,2,0,0,0,0,0
"YIN050004004","Mammalia","Chiroptera","Yinpterochiroptera","Hipposideridae",NA,"Hipposideros","marisae","Hipposideros_marisae",0,0,0,0,0,2,2,2,0,0,0,0,0
"YIN050004005","Mammalia","Chiroptera","Yinpterochiroptera","Hipposideridae",NA,"Hipposideros","abae","Hipposideros_abae",0,0,0,0,0,2,2,2,0,0,0,0,0
"YIN050004006","Mammalia","Chiroptera","Yinpterochiroptera","Hipposideridae",NA,"Hipposideros","beatus","Hipposideros_beatus",0,0,0,0,0,2,2,2,0,0,0,0,0
"YIN050004007","Mammalia","Chiroptera","Yinpterochiroptera","Hipposideridae",NA,"Hipposideros","caffer","Hipposideros_caffer",0,0,0,0,0,2,2,2,0,0,0,0,0
"YIN050004008","Mammalia","Chiroptera","Yinpterochiroptera","Hipposideridae",NA,"Hipposideros","fuliginosus","Hipposideros_fuliginosus",0,0,0,0,0,2,2,2,0,0,0,0,0
"YIN050004009","Mammalia","Chiroptera","Yinpterochiroptera","Hipposideridae",NA,"Hipposideros","lamottei","Hipposideros_lamottei",0,0,0,0,0,2,2,2,0,0,0,0,0
"YIN050004010","Mammalia","Chiroptera","Yinpterochiroptera","Hipposideridae",NA,"Hipposideros","ruber","Hipposideros_ruber",0,0,0,0,0,2,2,2,0,0,0,0,0
"YIN050004011","Mammalia","Chiroptera","Yinpterochiroptera","Hipposideridae",NA,"Hipposideros","tephrus","Hipposideros_tephrus",0,0,0,0,0,2,2,2,0,0,0,0,0
"YIN060001001","Mammalia","Chiroptera","Yinpterochiroptera","Rhinolophidae",NA,"Rhinolophus","adami","Rhinolophus_adami",0,0,0,0,0,2,2,2,0,0,0,0,0
"YIN060001002","Mammalia","Chiroptera","Yinpterochiroptera","Rhinolophidae",NA,"Rhinolophus","maendeleo","Rhinolophus_maendeleo",0,0,0,0,0,2,2,2,0,0,0,0,0
"YIN060001003","Mammalia","Chiroptera","Yinpterochiroptera","Rhinolophidae",NA,"Rhinolophus","alcyone","Rhinolophus_alcyone",0,0,0,0,0,2,2,2,0,0,0,0,0
"YIN060001004","Mammalia","Chiroptera","Yinpterochiroptera","Rhinolophidae",NA,"Rhinolophus","landeri","Rhinolophus_landeri",0,0,0,0,0,2,2,2,0,0,0,0,0
"YIN060001005","Mammalia","Chiroptera","Yinpterochiroptera","Rhinolophidae",NA,"Rhinolophus","guineensis","Rhinolophus_guineensis",0,0,0,0,0,2,2,2,0,0,0,0,0
"YIN060001006","Mammalia","Chiroptera","Yinpterochiroptera","Rhinolophidae",NA,"Rhinolophus","blasii","Rhinolophus_blasii",0,0,0,0,0,2,2,2,0,0,0,0,0
"YIN060001007","Mammalia","Chiroptera","Yinpterochiroptera","Rhinolophidae",NA,"Rhinolophus","lobatus","Rhinolophus_lobatus",0,0,0,0,0,2,2,2,0,0,0,0,0
"YIN060001008","Mammalia","Chiroptera","Yinpterochiroptera","Rhinolophidae",NA,"Rhinolophus","swinnyi","Rhinolophus_swinnyi",0,0,0,0,0,2,2,2,0,0,0,0,0
"YIN060001009","Mammalia","Chiroptera","Yinpterochiroptera","Rhinolophidae",NA,"Rhinolophus","capensis","Rhinolophus_capensis",0,0,0,0,0,2,0,0,0,0,0,0,0
"YIN060001010","Mammalia","Chiroptera","Yinpterochiroptera","Rhinolophidae",NA,"Rhinolophus","gorongosae","Rhinolophus_gorongosae",0,0,0,0,0,2,2,2,0,0,0,0,0
"YIN060001011","Mammalia","Chiroptera","Yinpterochiroptera","Rhinolophidae",NA,"Rhinolophus","rhodesiae","Rhinolophus_rhodesiae",0,0,0,0,0,2,0,0,0,0,0,0,0
"YIN060001012","Mammalia","Chiroptera","Yinpterochiroptera","Rhinolophidae",NA,"Rhinolophus","simulator","Rhinolophus_simulator",0,0,0,0,0,2,0,0,0,0,0,0,0
"YIN060001013","Mammalia","Chiroptera","Yinpterochiroptera","Rhinolophidae",NA,"Rhinolophus","denti","Rhinolophus_denti",0,0,0,0,0,2,2,2,0,0,0,0,0
"YIN060001014","Mammalia","Chiroptera","Yinpterochiroptera","Rhinolophidae",NA,"Rhinolophus","alticolus","Rhinolophus alticolus",0,0,0,0,0,2,2,2,0,0,0,0,0
"YIN060001015","Mammalia","Chiroptera","Yinpterochiroptera","Rhinolophidae",NA,"Rhinolophus","mehelyi","Rhinolophus_mehelyi",0,0,0,0,0,2,0,0,0,0,0,0,0
"YIN060001016","Mammalia","Chiroptera","Yinpterochiroptera","Rhinolophidae",NA,"Rhinolophus","euryale","Rhinolophus_euryale",0,0,0,0,0,2,0,1,0,0,0,0,0
"YIN060001017","Mammalia","Chiroptera","Yinpterochiroptera","Rhinolophidae",NA,"Rhinolophus","hildebrandtii","Rhinolophus_hildebrandtii",0,0,0,0,0,2,2,2,0,0,0,0,0
"YIN060001018","Mammalia","Chiroptera","Yinpterochiroptera","Rhinolophidae",NA,"Rhinolophus","mabuensis","Rhinolophus_mabuensis",0,0,0,0,0,2,2,2,0,0,0,0,0
"YIN060001019","Mammalia","Chiroptera","Yinpterochiroptera","Rhinolophidae",NA,"Rhinolophus","cohenae","Rhinolophus_cohenae",0,0,0,0,0,2,2,2,0,0,0,0,0
"YIN060001020","Mammalia","Chiroptera","Yinpterochiroptera","Rhinolophidae",NA,"Rhinolophus","smithersi","Rhinolophus_smithersi",0,0,0,0,0,2,2,2,0,0,0,0,0
"YIN060001021","Mammalia","Chiroptera","Yinpterochiroptera","Rhinolophidae",NA,"Rhinolophus","mossambicus","Rhinolophus_mossambicus",0,0,0,0,0,2,2,2,0,0,0,0,0
"YIN060001022","Mammalia","Chiroptera","Yinpterochiroptera","Rhinolophidae",NA,"Rhinolophus","fumigatus","Rhinolophus_fumigatus",0,0,0,0,0,2,2,2,0,0,0,0,0
"YIN060001023","Mammalia","Chiroptera","Yinpterochiroptera","Rhinolophidae",NA,"Rhinolophus","eloquens","Rhinolophus_eloquens",0,0,0,0,0,2,2,2,0,0,0,0,0
"YIN060001024","Mammalia","Chiroptera","Yinpterochiroptera","Rhinolophidae",NA,"Rhinolophus","darlingi","Rhinolophus_darlingi",0,0,0,0,0,2,2,2,0,0,0,0,0
"YIN060001025","Mammalia","Chiroptera","Yinpterochiroptera","Rhinolophidae",NA,"Rhinolophus","damarensis","Rhinolophus_damarensis",0,0,0,0,0,2,2,2,0,0,0,0,0
"YIN060001026","Mammalia","Chiroptera","Yinpterochiroptera","Rhinolophidae",NA,"Rhinolophus","deckenii","Rhinolophus_deckenii",0,0,0,0,0,2,2,2,0,0,0,0,0
"YIN060001027","Mammalia","Chiroptera","Yinpterochiroptera","Rhinolophidae",NA,"Rhinolophus","silvestris","Rhinolophus_silvestris",0,0,0,0,0,2,2,2,0,0,0,0,0
"YIN060001028","Mammalia","Chiroptera","Yinpterochiroptera","Rhinolophidae",NA,"Rhinolophus","hillorum","Rhinolophus_hillorum",0,0,0,0,0,2,2,2,0,0,0,0,0
"YIN060001029","Mammalia","Chiroptera","Yinpterochiroptera","Rhinolophidae",NA,"Rhinolophus","sakejiensis","Rhinolophus_sakejiensis",0,0,0,0,0,2,2,2,0,0,0,0,0
"YIN060001030","Mammalia","Chiroptera","Yinpterochiroptera","Rhinolophidae",NA,"Rhinolophus","ferrumequinum","Rhinolophus_ferrumequinum",0,0,0,0,0,2,2,2,0,0,0,0,0
"YIN060001031","Mammalia","Chiroptera","Yinpterochiroptera","Rhinolophidae",NA,"Rhinolophus","clivosus","Rhinolophus_clivosus",0,0,0,0,0,2,2,2,0,0,0,0,0
"YIN060001032","Mammalia","Chiroptera","Yinpterochiroptera","Rhinolophidae",NA,"Rhinolophus","horaceki","Rhinolophus_horaceki",0,0,0,0,0,2,0,0,0,0,0,0,0
"YIN060001033","Mammalia","Chiroptera","Yinpterochiroptera","Rhinolophidae",NA,"Rhinolophus","maclaudi","Rhinolophus_maclaudi",0,0,0,0,0,2,2,2,0,0,0,0,0
"YIN060001034","Mammalia","Chiroptera","Yinpterochiroptera","Rhinolophidae",NA,"Rhinolophus","ziama","Rhinolophus_ziama",0,0,0,0,0,2,2,2,0,0,0,0,0
"YIN060001035","Mammalia","Chiroptera","Yinpterochiroptera","Rhinolophidae",NA,"Rhinolophus","hilli","Rhinolophus_hilli",0,0,0,0,0,2,2,2,0,0,0,0,0
"YIN060001036","Mammalia","Chiroptera","Yinpterochiroptera","Rhinolophidae",NA,"Rhinolophus","kahuzi","Rhinolophus_kahuzi",0,0,0,0,0,2,2,2,0,0,0,0,0
"YIN060001037","Mammalia","Chiroptera","Yinpterochiroptera","Rhinolophidae",NA,"Rhinolophus","willardi","Rhinolophus_willardi",0,0,0,0,0,2,2,2,0,0,0,0,0
"YIN060001038","Mammalia","Chiroptera","Yinpterochiroptera","Rhinolophidae",NA,"Rhinolophus","ruwenzorii","Rhinolophus_ruwenzorii",0,0,0,0,0,2,2,2,0,0,0,0,0
"YIN060001039","Mammalia","Chiroptera","Yinpterochiroptera","Rhinolophidae",NA,"Rhinolophus","hipposideros","Rhinolophus_hipposideros",0,0,0,0,0,2,0,0,0,0,0,0,0
"YAN010101001","Mammalia","Chiroptera","Yangochiroptera","Emballonuridae","Taphozoninae","Taphozous","nudiventris","Taphozous_nudiventris",0,0,0,0,0,2,0,0,0,0,0,0,0
"YAN010101002","Mammalia","Chiroptera","Yangochiroptera","Emballonuridae","Taphozoninae","Taphozous","perforatus","Taphozous_perforatus",0,0,0,0,0,2,0,0,0,0,0,0,0
"YAN010101003","Mammalia","Chiroptera","Yangochiroptera","Emballonuridae","Taphozoninae","Taphozous","mauritianus","Taphozous_mauritianus",0,0,0,0,0,2,0,0,0,0,0,0,0
"YAN010101004","Mammalia","Chiroptera","Yangochiroptera","Emballonuridae","Taphozoninae","Taphozous","hamiltoni","Taphozous_hamiltoni",0,0,0,0,0,2,2,2,0,0,0,0,0
"YAN010101005","Mammalia","Chiroptera","Yangochiroptera","Emballonuridae","Taphozoninae","Taphozous","hildegardeae","Taphozous_hildegardeae",0,0,0,0,0,2,0,0,0,0,0,0,0
"YAN010102001","Mammalia","Chiroptera","Yangochiroptera","Emballonuridae","Taphozoninae","Saccolaimus","peli","Saccolaimus_peli",0,0,0,0,0,2,0,0,0,0,0,0,0
"YAN010201001","Mammalia","Chiroptera","Yangochiroptera","Emballonuridae","Emballonurinae","Paremballonura","tiavato","Paremballonura_tiavato",0,0,0,0,0,2,0,0,0,0,0,0,0
"YAN010201002","Mammalia","Chiroptera","Yangochiroptera","Emballonuridae","Emballonurinae","Paremballonura","atrata","Paremballonura_atrata",0,0,0,0,0,2,0,0,0,0,0,0,0
"YAN010202001","Mammalia","Chiroptera","Yangochiroptera","Emballonuridae","Emballonurinae","Coleura","afra","Coleura_afra",0,0,0,0,0,2,0,0,0,0,0,0,0
"YAN010202002","Mammalia","Chiroptera","Yangochiroptera","Emballonuridae","Emballonurinae","Coleura","seychellensis","Coleura_seychellensis",0,0,0,0,0,2,0,0,0,0,0,0,0
"YAN010202003","Mammalia","Chiroptera","Yangochiroptera","Emballonuridae","Emballonurinae","Coleura","kibomalandy","Coleura_kibomalandy",0,0,0,0,0,2,0,0,0,0,0,0,0
"YAN020001001","Mammalia","Chiroptera","Yangochiroptera","Nycteridae",NA,"Nycteris","arge","Nycteris_arge",0,0,0,0,0,2,2,2,0,0,0,0,0
"YAN020001002","Mammalia","Chiroptera","Yangochiroptera","Nycteridae",NA,"Nycteris","intermedia","Nycteris_intermedia",0,0,0,0,0,2,2,2,0,0,0,0,0
"YAN020001003","Mammalia","Chiroptera","Yangochiroptera","Nycteridae",NA,"Nycteris","nana","Nycteris_nana",0,0,0,0,0,2,2,2,0,0,0,0,0
"YAN020001004","Mammalia","Chiroptera","Yangochiroptera","Nycteridae",NA,"Nycteris","major","Nycteris_major",0,0,0,0,0,2,2,2,0,0,0,0,0
"YAN020001005","Mammalia","Chiroptera","Yangochiroptera","Nycteridae",NA,"Nycteris","aurita","Nycteris_aurita",0,0,0,0,0,2,2,2,0,0,0,0,0
"YAN020001006","Mammalia","Chiroptera","Yangochiroptera","Nycteridae",NA,"Nycteris","grandis","Nycteris_grandis",0,0,0,0,0,1,1,1,2,2,0,1,1
"YAN020001007","Mammalia","Chiroptera","Yangochiroptera","Nycteridae",NA,"Nycteris","hispida","Nycteris_hispida",0,0,0,0,0,2,0,0,0,0,0,0,0
"YAN020001008","Mammalia","Chiroptera","Yangochiroptera","Nycteridae",NA,"Nycteris","macrotis","Nycteris_macrotis",0,0,0,0,0,2,0,0,0,0,0,0,0
"YAN020001009","Mammalia","Chiroptera","Yangochiroptera","Nycteridae",NA,"Nycteris","madagascariensis","Nycteris_madagascariensis",0,0,0,0,0,2,2,2,0,0,0,0,0
"YAN020001010","Mammalia","Chiroptera","Yangochiroptera","Nycteridae",NA,"Nycteris","parisii","Nycteris_parisii",0,0,0,0,0,2,2,2,0,0,0,0,0
"YAN020001011","Mammalia","Chiroptera","Yangochiroptera","Nycteridae",NA,"Nycteris","woodi","Nycteris_woodi",0,0,0,0,0,2,0,0,0,0,0,0,0
"YAN020001012","Mammalia","Chiroptera","Yangochiroptera","Nycteridae",NA,"Nycteris","gambiensis","Nycteris_gambiensis",0,0,0,0,0,2,2,2,0,0,0,0,0
"YAN020001013","Mammalia","Chiroptera","Yangochiroptera","Nycteridae",NA,"Nycteris","thebaica","Nycteris_thebaica",0,0,0,0,0,2,2,2,0,0,0,0,0
"YAN030001001","Mammalia","Chiroptera","Yangochiroptera","Myzopodidae",NA,"Myzopoda","schliemanni","Myzopoda_schliemanni",0,0,0,0,0,2,0,0,0,0,0,0,0
"YAN030001002","Mammalia","Chiroptera","Yangochiroptera","Myzopodidae",NA,"Myzopoda","aurita","Myzopoda_aurita",0,0,0,0,0,2,2,0,0,0,0,0,0
"YAN040101001","Mammalia","Chiroptera","Yangochiroptera","Molossidae","Molossinae","Mormopterus","jugularis","Mormopterus_jugularis",0,0,0,0,0,2,0,0,0,0,0,0,0
"YAN040101002","Mammalia","Chiroptera","Yangochiroptera","Molossidae","Molossinae","Mormopterus","francoismoutoui","Mormopterus_francoismoutoui",0,0,0,0,0,2,2,2,0,0,0,0,0
"YAN040101003","Mammalia","Chiroptera","Yangochiroptera","Molossidae","Molossinae","Mormopterus","acetabulosus","Mormopterus_acetabulosus",0,0,0,0,0,2,2,2,0,0,0,0,0
"YAN040102001","Mammalia","Chiroptera","Yangochiroptera","Molossidae","Molossinae","Chaerephon","aloysiisabaudiae","Chaerephon_aloysiisabaudiae",0,0,0,0,0,2,2,2,0,0,0,0,0
"YAN040102002","Mammalia","Chiroptera","Yangochiroptera","Molossidae","Molossinae","Chaerephon","ansorgei","Chaerephon_ansorgei",0,0,0,0,0,2,0,0,0,0,0,0,0
"YAN040102003","Mammalia","Chiroptera","Yangochiroptera","Molossidae","Molossinae","Chaerephon","bemmeleni","Chaerephon_bemmeleni",0,0,0,0,0,2,2,2,0,0,0,0,0
"YAN040102004","Mammalia","Chiroptera","Yangochiroptera","Molossidae","Molossinae","Chaerephon","bivittatus","Chaerephon_bivittatus",0,0,0,0,0,2,2,2,0,0,0,0,0
"YAN040102005","Mammalia","Chiroptera","Yangochiroptera","Molossidae","Molossinae","Chaerephon","chapini","Chaerephon_chapini",0,0,0,0,0,2,0,0,0,0,0,0,0
"YAN040102006","Mammalia","Chiroptera","Yangochiroptera","Molossidae","Molossinae","Chaerephon","gallagheri","Chaerephon_gallagheri",0,0,0,0,0,2,0,0,0,0,0,0,0
"YAN040102007","Mammalia","Chiroptera","Yangochiroptera","Molossidae","Molossinae","Chaerephon","leucogaster","Chaerephon_leucogaster",0,0,0,0,0,2,2,2,0,0,0,0,0
"YAN040102008","Mammalia","Chiroptera","Yangochiroptera","Molossidae","Molossinae","Chaerephon","major","Chaerephon_major",0,0,0,0,0,2,2,2,0,0,0,0,0
"YAN040102009","Mammalia","Chiroptera","Yangochiroptera","Molossidae","Molossinae","Chaerephon","nigeriae","Chaerephon_nigeriae",0,0,0,0,0,2,0,0,0,0,0,0,0
"YAN040102010","Mammalia","Chiroptera","Yangochiroptera","Molossidae","Molossinae","Chaerephon","tomensis","Chaerephon_tomensis",0,0,0,0,0,2,2,2,0,0,0,0,0
"YAN040102011","Mammalia","Chiroptera","Yangochiroptera","Molossidae","Molossinae","Chaerephon","pumilus","Chaerephon_pumilus",0,0,0,0,0,2,0,0,0,0,0,0,0
"YAN040102012","Mammalia","Chiroptera","Yangochiroptera","Molossidae","Molossinae","Chaerephon","russatus","Chaerephon_russatus",0,0,0,0,0,2,2,2,0,0,0,0,0
"YAN040102013","Mammalia","Chiroptera","Yangochiroptera","Molossidae","Molossinae","Chaerephon","pusillus","Chaerephon_pusillus",0,0,0,0,0,2,2,2,0,0,0,0,0
"YAN040102014","Mammalia","Chiroptera","Yangochiroptera","Molossidae","Molossinae","Chaerephon","atsinanana","Chaerephon_atsinanana",0,0,0,0,0,2,0,0,0,0,0,0,0
"YAN040102015","Mammalia","Chiroptera","Yangochiroptera","Molossidae","Molossinae","Chaerephon","jobimena","Chaerephon_jobimena",0,0,0,0,0,2,2,2,0,0,0,0,0
"YAN040103001","Mammalia","Chiroptera","Yangochiroptera","Molossidae","Molossinae","Mops","bakarii","Mops_bakarii",0,0,0,0,0,2,2,2,0,0,0,0,0
"YAN040103002","Mammalia","Chiroptera","Yangochiroptera","Molossidae","Molossinae","Mops","brachypterus","Mops_brachypterus",0,0,0,0,0,2,2,2,0,0,0,0,0
"YAN040103003","Mammalia","Chiroptera","Yangochiroptera","Molossidae","Molossinae","Mops","condylurus","Mops_condylurus",0,0,0,0,0,2,0,0,0,0,0,0,0
"YAN040103004","Mammalia","Chiroptera","Yangochiroptera","Molossidae","Molossinae","Mops","congicus","Mops_congicus",0,0,0,0,0,2,2,2,0,0,0,0,0
"YAN040103005","Mammalia","Chiroptera","Yangochiroptera","Molossidae","Molossinae","Mops","demonstrator","Mops_demonstrator",0,0,0,0,0,2,2,2,0,0,0,0,0
"YAN040103006","Mammalia","Chiroptera","Yangochiroptera","Molossidae","Molossinae","Mops","midas","Mops_midas",0,0,0,0,0,2,0,0,0,0,0,0,0
"YAN040103007","Mammalia","Chiroptera","Yangochiroptera","Molossidae","Molossinae","Mops","nanulus","Mops_nanulus",0,0,0,0,0,2,2,2,0,0,0,0,0
"YAN040103008","Mammalia","Chiroptera","Yangochiroptera","Molossidae","Molossinae","Mops","niangarae","Mops_niangarae",0,0,0,0,0,2,2,2,0,0,0,0,0
"YAN040103009","Mammalia","Chiroptera","Yangochiroptera","Molossidae","Molossinae","Mops","niveiventer","Mops_niveiventer",0,0,0,0,0,2,2,2,0,0,0,0,0
"YAN040103010","Mammalia","Chiroptera","Yangochiroptera","Molossidae","Molossinae","Mops","petersoni","Mops_petersoni",0,0,0,0,0,2,2,2,0,0,0,0,0
"YAN040103011","Mammalia","Chiroptera","Yangochiroptera","Molossidae","Molossinae","Mops","spurrelli","Mops_spurrelli",0,0,0,0,0,2,2,2,0,0,0,0,0
"YAN040103012","Mammalia","Chiroptera","Yangochiroptera","Molossidae","Molossinae","Mops","thersites","Mops_thersites",0,0,0,0,0,2,2,2,0,0,0,0,0
"YAN040103013","Mammalia","Chiroptera","Yangochiroptera","Molossidae","Molossinae","Mops","trevori","Mops_trevori",0,0,0,0,0,2,2,2,0,0,0,0,0
"YAN040103014","Mammalia","Chiroptera","Yangochiroptera","Molossidae","Molossinae","Mops","leucostigma","Mops_leucostigma",0,0,0,0,0,2,0,0,0,0,0,0,0
"YAN040104001","Mammalia","Chiroptera","Yangochiroptera","Molossidae","Molossinae","Otomops","harrisoni","Otomops_harrisoni",0,0,0,0,0,2,0,0,0,0,0,0,0
"YAN040104002","Mammalia","Chiroptera","Yangochiroptera","Molossidae","Molossinae","Otomops","martiensseni","Otomops_martiensseni",0,0,0,0,0,2,0,0,0,0,0,0,0
"YAN040104003","Mammalia","Chiroptera","Yangochiroptera","Molossidae","Molossinae","Otomops","madagascariensis","Otomops_madagascariensis",0,0,0,0,0,2,0,0,0,0,0,0,0
"YAN040105001","Mammalia","Chiroptera","Yangochiroptera","Molossidae","Molossinae","Myopterus","daubentonii","Myopterus_daubentonii",0,0,0,0,0,2,0,0,0,0,0,0,0
"YAN040105002","Mammalia","Chiroptera","Yangochiroptera","Molossidae","Molossinae","Myopterus","whitleyi","Myopterus_whitleyi",0,0,0,0,0,2,2,2,0,0,0,0,0
"YAN040106001","Mammalia","Chiroptera","Yangochiroptera","Molossidae","Molossinae","Platymops","setiger","Platymops_setiger",0,0,0,0,0,2,2,2,0,0,0,0,0
"YAN040107001","Mammalia","Chiroptera","Yangochiroptera","Molossidae","Molossinae","Sauromys","petrophilus","Sauromys_petrophilus",0,0,0,0,0,2,0,0,0,0,0,0,0
"YAN040108001","Mammalia","Chiroptera","Yangochiroptera","Molossidae","Molossinae","Tadarida","teniotis","Tadarida_teniotis",0,0,0,0,0,2,0,0,0,0,0,0,0
"YAN040108002","Mammalia","Chiroptera","Yangochiroptera","Molossidae","Molossinae","Tadarida","aegyptiaca","Tadarida_aegyptiaca",0,0,0,0,0,2,2,0,0,0,0,0,0
"YAN040108003","Mammalia","Chiroptera","Yangochiroptera","Molossidae","Molossinae","Tadarida","lobata","Tadarida_lobata",0,0,0,0,0,2,2,2,0,0,0,0,0
"YAN040108004","Mammalia","Chiroptera","Yangochiroptera","Molossidae","Molossinae","Tadarida","ventralis","Tadarida_ventralis",0,0,0,0,0,2,2,2,0,0,0,0,0
"YAN040108005","Mammalia","Chiroptera","Yangochiroptera","Molossidae","Molossinae","Tadarida","fulminans","Tadarida_fulminans",0,0,0,0,0,2,2,2,0,0,0,0,0
"YAN050001001","Mammalia","Chiroptera","Yangochiroptera","Miniopteridae",NA,"Miniopterus","schreibersii","Miniopterus_schreibersii",0,0,0,0,0,2,0,0,0,0,0,0,0
"YAN050001002","Mammalia","Chiroptera","Yangochiroptera","Miniopteridae",NA,"Miniopterus","maghrebensis","Miniopterus_maghrebensis",0,0,0,0,0,2,0,0,0,0,0,0,0
"YAN050001003","Mammalia","Chiroptera","Yangochiroptera","Miniopteridae",NA,"Miniopterus","villiersi","Miniopterus_villiersi",0,0,0,0,0,2,0,0,0,0,0,0,0
"YAN050001004","Mammalia","Chiroptera","Yangochiroptera","Miniopteridae",NA,"Miniopterus","inflatus","Miniopterus_inflatus",0,0,0,0,0,2,0,0,0,0,0,0,0
"YAN050001005","Mammalia","Chiroptera","Yangochiroptera","Miniopteridae",NA,"Miniopterus","nimbae","Miniopterus_nimbae",0,0,0,0,0,2,NA,NA,NA,NA,NA,NA,NA
"YAN050001006","Mammalia","Chiroptera","Yangochiroptera","Miniopteridae",NA,"Miniopterus","newtoni","Miniopterus_newtoni",0,0,0,0,0,2,0,0,0,0,0,0,0
"YAN050001007","Mammalia","Chiroptera","Yangochiroptera","Miniopteridae",NA,"Miniopterus","minor","Miniopterus_minor",0,0,0,0,0,2,0,0,0,0,0,0,0
"YAN050001008","Mammalia","Chiroptera","Yangochiroptera","Miniopteridae",NA,"Miniopterus","wilsoni","Miniopterus_wilsoni",0,0,0,0,0,2,NA,NA,NA,NA,NA,NA,NA
"YAN050001009","Mammalia","Chiroptera","Yangochiroptera","Miniopteridae",NA,"Miniopterus","arenarius","Miniopterus_arenarius",0,0,0,0,0,2,0,0,0,0,0,0,0
"YAN050001010","Mammalia","Chiroptera","Yangochiroptera","Miniopteridae",NA,"Miniopterus","africanus","Miniopterus_africanus",0,0,0,0,0,2,0,0,0,0,0,0,0
"YAN050001011","Mammalia","Chiroptera","Yangochiroptera","Miniopteridae",NA,"Miniopterus","natalensis","Miniopterus_natalensis",0,0,0,0,0,2,0,0,0,0,0,0,0
"YAN050001012","Mammalia","Chiroptera","Yangochiroptera","Miniopteridae",NA,"Miniopterus","mossambicus","Miniopterus_mossambicus",0,0,0,0,0,2,0,0,0,0,0,0,0
"YAN050001013","Mammalia","Chiroptera","Yangochiroptera","Miniopteridae",NA,"Miniopterus","fraterculus","Miniopterus_fraterculus",0,0,0,0,0,2,0,0,0,0,0,0,0
"YAN050001014","Mammalia","Chiroptera","Yangochiroptera","Miniopteridae",NA,"Miniopterus","aelleni","Miniopterus_aelleni",0,0,0,0,0,2,0,0,0,0,0,0,0
"YAN050001015","Mammalia","Chiroptera","Yangochiroptera","Miniopteridae",NA,"Miniopterus","griveaudi","Miniopterus_griveaudi",0,0,0,0,0,2,0,0,0,0,0,0,0
"YAN050001016","Mammalia","Chiroptera","Yangochiroptera","Miniopteridae",NA,"Miniopterus","gleni","Miniopterus_gleni",0,0,0,0,0,2,0,0,0,0,0,0,0
"YAN050001017","Mammalia","Chiroptera","Yangochiroptera","Miniopteridae",NA,"Miniopterus","brachytragos","Miniopterus_brachytragos",0,0,0,0,0,2,0,0,0,0,0,0,0
"YAN050001018","Mammalia","Chiroptera","Yangochiroptera","Miniopteridae",NA,"Miniopterus","ambohitrensis","Miniopterus_ambohitrensis",0,0,0,0,0,2,0,0,0,0,0,0,0
"YAN050001019","Mammalia","Chiroptera","Yangochiroptera","Miniopteridae",NA,"Miniopterus","majori","Miniopterus_majori",0,0,0,0,0,2,0,0,0,0,0,0,0
"YAN050001020","Mammalia","Chiroptera","Yangochiroptera","Miniopteridae",NA,"Miniopterus","egeri","Miniopterus_egeri",0,0,0,0,0,2,0,0,0,0,0,0,0
"YAN050001021","Mammalia","Chiroptera","Yangochiroptera","Miniopteridae",NA,"Miniopterus","manavi","Miniopterus_manavi",0,0,0,0,0,2,0,0,0,0,0,0,0
"YAN050001022","Mammalia","Chiroptera","Yangochiroptera","Miniopteridae",NA,"Miniopterus","sororculus","Miniopterus_sororculus",0,0,0,0,0,2,0,0,0,0,0,0,0
"YAN050001023","Mammalia","Chiroptera","Yangochiroptera","Miniopteridae",NA,"Miniopterus","petersoni","Miniopterus_petersoni",0,0,0,0,0,2,0,0,0,0,0,0,0
"YAN050001024","Mammalia","Chiroptera","Yangochiroptera","Miniopteridae",NA,"Miniopterus","mahafaliensis","Miniopterus_mahafaliensis",0,0,0,0,0,2,0,0,0,0,0,0,0
"YAN050001025","Mammalia","Chiroptera","Yangochiroptera","Miniopteridae",NA,"Miniopterus","griffithsi","Miniopterus_griffithsi",0,0,0,0,0,2,0,0,0,0,0,0,0
"YAN060001001","Mammalia","Chiroptera","Yangochiroptera","Cistugidae",NA,"Cistugo","seabrae","Cistugo_seabrae",0,0,0,0,0,2,2,2,0,0,0,0,0
"YAN060001002","Mammalia","Chiroptera","Yangochiroptera","Cistugidae",NA,"Cistugo","lesueuri","Cistugo_lesueuri",0,0,0,0,0,2,2,2,0,0,0,0,0
"YAN070101001","Mammalia","Chiroptera","Yangochiroptera","Vespertilionidae","Vespertilioninae","Scotoecus","hirundo","Scotoecus_hirundo",0,0,0,0,0,2,2,2,0,0,0,0,0
"YAN070101002","Mammalia","Chiroptera","Yangochiroptera","Vespertilionidae","Vespertilioninae","Scotoecus","albofuscus","Scotoecus_albofuscus",0,0,0,0,0,2,0,0,0,0,0,0,0
"YAN070102001","Mammalia","Chiroptera","Yangochiroptera","Vespertilionidae","Vespertilioninae","Vansonia","rueppellii","Vansonia_rueppellii",0,0,0,0,0,2,2,2,0,0,0,0,0
"YAN070103001","Mammalia","Chiroptera","Yangochiroptera","Vespertilionidae","Vespertilioninae","Nyctalus","lasiopterus","Nyctalus_lasiopterus",0,0,0,0,0,2,2,2,0,0,0,1,0
"YAN070103002","Mammalia","Chiroptera","Yangochiroptera","Vespertilionidae","Vespertilioninae","Nyctalus","leisleri","Nyctalus_leisleri",0,0,0,0,0,2,2,2,0,0,0,0,0
"YAN070104001","Mammalia","Chiroptera","Yangochiroptera","Vespertilionidae","Vespertilioninae","Pipistrellus","pipistrellus","Pipistrellus_pipistrellus",0,0,0,0,0,2,0,0,0,0,0,0,0
"YAN070104002","Mammalia","Chiroptera","Yangochiroptera","Vespertilionidae","Vespertilioninae","Pipistrellus","hanaki","Pipistrellus_hanaki",0,0,0,0,0,2,2,2,0,0,0,0,0
"YAN070104003","Mammalia","Chiroptera","Yangochiroptera","Vespertilionidae","Vespertilioninae","Pipistrellus","kuhlii","Pipistrellus_kuhlii",0,0,0,0,0,2,0,0,0,0,0,0,0
"YAN070104004","Mammalia","Chiroptera","Yangochiroptera","Vespertilionidae","Vespertilioninae","Pipistrellus","hesperidus","Pipistrellus_hesperidus",0,0,0,0,0,2,2,2,0,0,0,0,0
"YAN070104005","Mammalia","Chiroptera","Yangochiroptera","Vespertilionidae","Vespertilioninae","Pipistrellus","simandouensis","Pipistrellus_simandouensis",0,0,0,0,0,2,NA,NA,NA,NA,NA,NA,NA
"YAN070104006","Mammalia","Chiroptera","Yangochiroptera","Vespertilionidae","Vespertilioninae","Pipistrellus","rusticus","Pipistrellus_rusticus",0,0,0,0,0,2,2,2,0,0,0,0,0
"YAN070104007","Mammalia","Chiroptera","Yangochiroptera","Vespertilionidae","Vespertilioninae","Pipistrellus","nanulus","Pipistrellus_nanulus",0,0,0,0,0,2,2,2,0,0,0,0,0
"YAN070104008","Mammalia","Chiroptera","Yangochiroptera","Vespertilionidae","Vespertilioninae","Pipistrellus","inexspectatus","Pipistrellus_inexspectatus",0,0,0,0,0,2,2,2,0,0,0,0,0
"YAN070104009","Mammalia","Chiroptera","Yangochiroptera","Vespertilionidae","Vespertilioninae","Pipistrellus","aero","Pipistrellus_aero",0,0,0,0,0,2,2,2,0,0,0,0,0
"YAN070104010","Mammalia","Chiroptera","Yangochiroptera","Vespertilionidae","Vespertilioninae","Pipistrellus","permixtus","Pipistrellus_permixtus",0,0,0,0,0,2,2,2,0,0,0,0,0
"YAN070104011","Mammalia","Chiroptera","Yangochiroptera","Vespertilionidae","Vespertilioninae","Pipistrellus","raceyi","Pipistrellus_raceyi",0,0,0,0,0,2,2,2,0,0,0,0,0
"YAN070105001","Mammalia","Chiroptera","Yangochiroptera","Vespertilionidae","Vespertilioninae","Hypsugo","ariel","Hypsugo_ariel",0,0,0,0,0,2,2,0,0,0,0,0,0
"YAN070105002","Mammalia","Chiroptera","Yangochiroptera","Vespertilionidae","Vespertilioninae","Hypsugo","savii","Hypsugo_savii",0,0,0,0,0,2,0,0,0,0,0,0,0
"YAN070105003","Mammalia","Chiroptera","Yangochiroptera","Vespertilionidae","Vespertilioninae","Hypsugo","musciculus","Hypsugo_musciculus",0,0,0,0,0,2,2,2,0,0,0,0,0
"YAN070106001","Mammalia","Chiroptera","Yangochiroptera","Vespertilionidae","Vespertilioninae","Nycticeinops","crassulus","Nycticeinops_crassulus",0,0,0,0,0,2,2,2,0,0,0,0,0
"YAN070106002","Mammalia","Chiroptera","Yangochiroptera","Vespertilionidae","Vespertilioninae","Nycticeinops","eisentrauti","Nycticeinops_eisentrauti",0,0,0,0,0,2,2,2,0,0,0,0,0
"YAN070106003","Mammalia","Chiroptera","Yangochiroptera","Vespertilionidae","Vespertilioninae","Nycticeinops","schlieffenii","Nycticeinops_schlieffenii",0,0,0,0,0,2,0,0,0,0,0,0,0
"YAN070106004","Mammalia","Chiroptera","Yangochiroptera","Vespertilionidae","Vespertilioninae","Nycticeinops","grandidieri","Nycticeinops_grandidieri",0,0,0,0,0,2,2,2,0,0,0,0,0
"YAN070107001","Mammalia","Chiroptera","Yangochiroptera","Vespertilionidae","Vespertilioninae","Mimetillus","moloneyi","Mimetillus_moloneyi",0,0,0,0,0,2,0,0,0,0,0,0,0
"YAN070108001","Mammalia","Chiroptera","Yangochiroptera","Vespertilionidae","Vespertilioninae","Neoromicia","anchietae","Neoromicia_anchietae",0,0,0,0,0,2,2,2,0,0,0,0,0
"YAN070108002","Mammalia","Chiroptera","Yangochiroptera","Vespertilionidae","Vespertilioninae","Neoromicia","bemainty","Neoromicia_bemainty",0,0,0,0,0,2,2,0,0,0,0,0,0
"YAN070108003","Mammalia","Chiroptera","Yangochiroptera","Vespertilionidae","Vespertilioninae","Neoromicia","zuluensis","Neoromicia_zuluensis",0,0,0,0,0,2,2,2,0,0,0,0,0
"YAN070108004","Mammalia","Chiroptera","Yangochiroptera","Vespertilionidae","Vespertilioninae","Neoromicia","guineensis","Neoromicia_guineensis",0,0,0,0,0,2,2,2,0,0,0,0,0
"YAN070108005","Mammalia","Chiroptera","Yangochiroptera","Vespertilionidae","Vespertilioninae","Neoromicia","somalica","Neoromicia_somalica",0,0,0,0,0,2,0,0,0,0,0,0,0
"YAN070109001","Mammalia","Chiroptera","Yangochiroptera","Vespertilionidae","Vespertilioninae","Afronycteris","nanus","Afronycteris_nanus",0,0,0,0,0,2,0,0,0,0,0,0,0
"YAN070109002","Mammalia","Chiroptera","Yangochiroptera","Vespertilionidae","Vespertilioninae","Afronycteris","helios","Afronycteris_helios",0,0,0,0,0,2,0,0,0,0,0,0,0
"YAN070110001","Mammalia","Chiroptera","Yangochiroptera","Vespertilionidae","Vespertilioninae","Pseudoromicia","rendalli","Pseudoromicia_rendalli",0,0,0,0,0,2,0,0,0,0,0,0,0
"YAN070110002","Mammalia","Chiroptera","Yangochiroptera","Vespertilionidae","Vespertilioninae","Pseudoromicia","brunnea","Pseudoromicia_brunnea",0,0,0,0,0,2,2,2,0,0,0,0,0
"YAN070110003","Mammalia","Chiroptera","Yangochiroptera","Vespertilionidae","Vespertilioninae","Pseudoromicia","roseveari","Pseudoromicia_roseveari",0,0,0,0,0,2,2,2,0,0,0,0,0
"YAN070110004","Mammalia","Chiroptera","Yangochiroptera","Vespertilionidae","Vespertilioninae","Pseudoromicia","kityoi","Pseudoromicia_kityoi",0,0,0,0,0,2,NA,NA,NA,NA,NA,NA,NA
"YAN070110005","Mammalia","Chiroptera","Yangochiroptera","Vespertilionidae","Vespertilioninae","Pseudoromicia","nyanza","Pseudoromicia_nyanza",0,0,0,0,0,2,NA,NA,NA,NA,NA,NA,NA
"YAN070110006","Mammalia","Chiroptera","Yangochiroptera","Vespertilionidae","Vespertilioninae","Pseudoromicia","isabella","Pseudoromicia_isabella",0,0,0,0,0,2,2,2,0,0,0,0,0
"YAN070110007","Mammalia","Chiroptera","Yangochiroptera","Vespertilionidae","Vespertilioninae","Pseudoromicia","tenuipinnis","Pseudoromicia_tenuipinnis",0,0,0,0,0,2,2,2,0,0,0,0,0
"YAN070111001","Mammalia","Chiroptera","Yangochiroptera","Vespertilionidae","Vespertilioninae","Laephotis","capensis","Laephotis_capensis",0,0,0,0,0,2,0,0,0,0,0,0,0
"YAN070111002","Mammalia","Chiroptera","Yangochiroptera","Vespertilionidae","Vespertilioninae","Laephotis","kirinyaga","Laephotis_kirinyaga",0,0,0,0,0,2,NA,NA,NA,NA,NA,NA,NA
"YAN070111003","Mammalia","Chiroptera","Yangochiroptera","Vespertilionidae","Vespertilioninae","Laephotis","matroka","Laephotis_matroka",0,0,0,0,0,2,2,0,0,0,0,0,0
"YAN070111004","Mammalia","Chiroptera","Yangochiroptera","Vespertilionidae","Vespertilioninae","Laephotis","malagasyensis","Laephotis_malagasyensis",0,0,0,0,0,2,2,2,0,0,0,0,0
"YAN070111005","Mammalia","Chiroptera","Yangochiroptera","Vespertilionidae","Vespertilioninae","Laephotis","robertsi","Laephotis_robertsi",0,0,0,0,0,2,0,0,0,0,0,0,0
"YAN070111006","Mammalia","Chiroptera","Yangochiroptera","Vespertilionidae","Vespertilioninae","Laephotis","stanleyi","Laephotis_stanleyi",0,0,0,0,0,2,0,0,0,0,0,0,0
"YAN070111007","Mammalia","Chiroptera","Yangochiroptera","Vespertilionidae","Vespertilioninae","Laephotis","wintoni","Laephotis_wintoni",0,0,0,0,0,2,0,0,0,0,0,0,0
"YAN070111008","Mammalia","Chiroptera","Yangochiroptera","Vespertilionidae","Vespertilioninae","Laephotis","angolensis","Laephotis_angolensis",0,0,0,0,0,2,2,2,0,0,0,0,0
"YAN070111009","Mammalia","Chiroptera","Yangochiroptera","Vespertilionidae","Vespertilioninae","Laephotis","botswanae","Laephotis_botswanae",0,0,0,0,0,2,2,2,0,0,0,0,0
"YAN070111010","Mammalia","Chiroptera","Yangochiroptera","Vespertilionidae","Vespertilioninae","Laephotis","namibensis","Laephotis_namibensis",0,0,0,0,0,2,0,0,0,0,0,0,0
"YAN070112001","Mammalia","Chiroptera","Yangochiroptera","Vespertilionidae","Vespertilioninae","Glauconycteris","variegata","Glauconycteris_variegata",0,0,0,0,0,2,0,0,0,0,0,0,0
"YAN070112002","Mammalia","Chiroptera","Yangochiroptera","Vespertilionidae","Vespertilioninae","Glauconycteris","machadoi","Glauconycteris_machadoi",0,0,0,0,0,2,2,2,0,0,0,0,0
"YAN070112003","Mammalia","Chiroptera","Yangochiroptera","Vespertilionidae","Vespertilioninae","Glauconycteris","gleni","Glauconycteris_gleni",0,0,0,0,0,2,2,2,0,0,0,0,0
"YAN070112004","Mammalia","Chiroptera","Yangochiroptera","Vespertilionidae","Vespertilioninae","Glauconycteris","superba","Glauconycteris_superba",0,0,0,0,0,2,2,2,0,0,0,0,0
"YAN070112005","Mammalia","Chiroptera","Yangochiroptera","Vespertilionidae","Vespertilioninae","Glauconycteris","argentata","Glauconycteris_argentata",0,0,0,0,0,2,2,2,0,0,0,0,0
"YAN070112006","Mammalia","Chiroptera","Yangochiroptera","Vespertilionidae","Vespertilioninae","Glauconycteris","egeria","Glauconycteris_egeria",0,0,0,0,0,2,2,2,0,0,0,0,0
"YAN070112007","Mammalia","Chiroptera","Yangochiroptera","Vespertilionidae","Vespertilioninae","Glauconycteris","poensis","Glauconycteris_poensis",0,0,0,0,0,2,2,2,0,0,0,0,0
"YAN070112008","Mammalia","Chiroptera","Yangochiroptera","Vespertilionidae","Vespertilioninae","Glauconycteris","alboguttata","Glauconycteris_alboguttata",0,0,0,0,0,2,2,2,0,0,0,0,0
"YAN070112009","Mammalia","Chiroptera","Yangochiroptera","Vespertilionidae","Vespertilioninae","Glauconycteris","beatrix","Glauconycteris_beatrix",0,0,0,0,0,2,2,2,0,0,0,0,0
"YAN070112010","Mammalia","Chiroptera","Yangochiroptera","Vespertilionidae","Vespertilioninae","Glauconycteris","curryae","Glauconycteris_curryae",0,0,0,0,0,2,2,2,0,0,0,0,0
"YAN070112011","Mammalia","Chiroptera","Yangochiroptera","Vespertilionidae","Vespertilioninae","Glauconycteris","humeralis","Glauconycteris_humeralis",0,0,0,0,0,2,2,2,0,0,0,0,0
"YAN070112012","Mammalia","Chiroptera","Yangochiroptera","Vespertilionidae","Vespertilioninae","Glauconycteris","atra","Glauconycteris_atra",0,0,0,0,0,2,2,2,0,0,0,0,0
"YAN070112013","Mammalia","Chiroptera","Yangochiroptera","Vespertilionidae","Vespertilioninae","Glauconycteris","kenyacola","Glauconycteris_kenyacola",0,0,0,0,0,2,2,2,0,0,0,0,0
"YAN070113001","Mammalia","Chiroptera","Yangochiroptera","Vespertilionidae","Vespertilioninae","Eptesicus","floweri","Eptesicus_floweri",0,0,0,0,0,2,2,2,0,0,0,0,0
"YAN070113002","Mammalia","Chiroptera","Yangochiroptera","Vespertilionidae","Vespertilioninae","Eptesicus","platyops","Eptesicus_platyops",0,0,0,0,0,2,2,2,0,0,0,0,0
"YAN070113003","Mammalia","Chiroptera","Yangochiroptera","Vespertilionidae","Vespertilioninae","Eptesicus","hottentotus","Eptesicus_hottentotus",0,0,0,0,0,2,1,1,0,0,0,0,0
"YAN070113004","Mammalia","Chiroptera","Yangochiroptera","Vespertilionidae","Vespertilioninae","Eptesicus","bottae","Eptesicus_bottae",0,0,0,0,0,2,0,0,0,0,0,0,0
"YAN070113005","Mammalia","Chiroptera","Yangochiroptera","Vespertilionidae","Vespertilioninae","Eptesicus","isabellinus","Eptesicus_isabellinus",0,0,0,0,0,2,0,0,0,0,0,0,0
"YAN070114001","Mammalia","Chiroptera","Yangochiroptera","Vespertilionidae","Vespertilioninae","Barbastella","barbastellus","Barbastella_barbastellus",0,0,0,0,0,2,1,0,0,0,0,0,0
"YAN070114002","Mammalia","Chiroptera","Yangochiroptera","Vespertilionidae","Vespertilioninae","Barbastella","leucomelas","Barbastella_leucomelas",0,0,0,0,0,2,0,0,0,0,0,0,0
"YAN070115001","Mammalia","Chiroptera","Yangochiroptera","Vespertilionidae","Vespertilioninae","Plecotus","teneriffae","Plecotus_teneriffae",0,0,0,0,0,2,0,0,0,0,0,0,0
"YAN070115002","Mammalia","Chiroptera","Yangochiroptera","Vespertilionidae","Vespertilioninae","Plecotus","gaisleri","Plecotus_gaisleri",0,0,0,0,0,2,0,0,0,0,0,0,0
"YAN070115003","Mammalia","Chiroptera","Yangochiroptera","Vespertilionidae","Vespertilioninae","Plecotus","christii","Plecotus_christii",0,0,0,0,0,2,0,0,0,0,0,0,0
"YAN070115004","Mammalia","Chiroptera","Yangochiroptera","Vespertilionidae","Vespertilioninae","Plecotus","balensis","Plecotus_balensis",0,0,0,0,0,2,0,0,0,0,0,0,0
"YAN070116001","Mammalia","Chiroptera","Yangochiroptera","Vespertilionidae","Vespertilioninae","Otonycteris","hemprichii","Otonycteris_hemprichii",0,0,0,0,0,2,2,2,0,0,0,0,0
"YAN070117001","Mammalia","Chiroptera","Yangochiroptera","Vespertilionidae","Vespertilioninae","Scotophilus","nux","Scotophilus_nux",0,0,0,0,0,2,2,2,0,0,0,0,0
"YAN070117002","Mammalia","Chiroptera","Yangochiroptera","Vespertilionidae","Vespertilioninae","Scotophilus","tandrefana","Scotophilus_tandrefana",0,0,0,0,0,2,2,2,0,0,0,0,0
"YAN070117003","Mammalia","Chiroptera","Yangochiroptera","Vespertilionidae","Vespertilioninae","Scotophilus","marovaza","Scotophilus_marovaza",0,0,0,0,0,2,2,2,0,0,0,0,0
"YAN070117004","Mammalia","Chiroptera","Yangochiroptera","Vespertilionidae","Vespertilioninae","Scotophilus","leucogaster","Scotophilus_leucogaster",0,0,0,0,0,2,0,0,0,0,0,0,0
"YAN070117005","Mammalia","Chiroptera","Yangochiroptera","Vespertilionidae","Vespertilioninae","Scotophilus","altilis","Scotophilus_altilis",0,0,0,0,0,2,2,2,0,0,0,0,0
"YAN070117006","Mammalia","Chiroptera","Yangochiroptera","Vespertilionidae","Vespertilioninae","Scotophilus","robustus","Scotophilus_robustus",0,0,0,0,0,2,1,0,0,0,0,0,0
"YAN070117007","Mammalia","Chiroptera","Yangochiroptera","Vespertilionidae","Vespertilioninae","Scotophilus","borbonicus","Scotophilus_borbonicus",0,0,0,0,0,2,2,2,0,0,0,0,0
"YAN070117008","Mammalia","Chiroptera","Yangochiroptera","Vespertilionidae","Vespertilioninae","Scotophilus","viridis","Scotophilus_viridis",0,0,0,0,0,2,0,0,0,0,0,0,0
"YAN070117009","Mammalia","Chiroptera","Yangochiroptera","Vespertilionidae","Vespertilioninae","Scotophilus","ejetai","Scotophilus_ejetai",0,0,0,0,0,2,2,2,0,0,0,0,0
"YAN070117010","Mammalia","Chiroptera","Yangochiroptera","Vespertilionidae","Vespertilioninae","Scotophilus","nigrita","Scotophilus_nigrita",0,0,0,0,0,2,2,2,NA,NA,NA,NA,NA
"YAN070117011","Mammalia","Chiroptera","Yangochiroptera","Vespertilionidae","Vespertilioninae","Scotophilus","nucella","Scotophilus_nucella",0,0,0,0,0,2,2,2,0,0,0,0,0
"YAN070117012","Mammalia","Chiroptera","Yangochiroptera","Vespertilionidae","Vespertilioninae","Scotophilus","andrewreborii","Scotophilus_andrewreborii",0,0,0,0,0,2,2,2,0,0,0,0,0
"YAN070117013","Mammalia","Chiroptera","Yangochiroptera","Vespertilionidae","Vespertilioninae","Scotophilus","nigritellus","Scotophilus_nigritellus",0,0,0,0,0,2,2,2,0,0,0,0,0
"YAN070117014","Mammalia","Chiroptera","Yangochiroptera","Vespertilionidae","Vespertilioninae","Scotophilus","livingstonii","Scotophilus_livingstonii",0,0,0,0,0,2,2,2,0,0,0,0,0
"YAN070117015","Mammalia","Chiroptera","Yangochiroptera","Vespertilionidae","Vespertilioninae","Scotophilus","trujilloi","Scotophilus_trujilloi",0,0,0,0,0,2,2,2,0,0,0,0,0
"YAN070117016","Mammalia","Chiroptera","Yangochiroptera","Vespertilionidae","Vespertilioninae","Scotophilus","dinganii","Scotophilus_dinganii",0,0,0,0,0,2,0,0,0,0,0,0,0
"YAN070117017","Mammalia","Chiroptera","Yangochiroptera","Vespertilionidae","Vespertilioninae","Scotophilus","colias","Scotophilus_colias",0,0,0,0,0,2,2,2,0,0,0,0,0
"YAN070201001","Mammalia","Chiroptera","Yangochiroptera","Vespertilionidae","Kerivoulinae","Kerivoula","lanosa","Kerivoula_lanosa",0,0,0,0,0,2,2,2,0,0,0,0,0
"YAN070201002","Mammalia","Chiroptera","Yangochiroptera","Vespertilionidae","Kerivoulinae","Kerivoula","eriophora","Kerivoula_eriophora",0,0,0,0,0,2,2,2,0,0,0,0,0
"YAN070201003","Mammalia","Chiroptera","Yangochiroptera","Vespertilionidae","Kerivoulinae","Kerivoula","africana","Kerivoula_africana",0,0,0,0,0,2,2,2,0,0,0,0,0
"YAN070201004","Mammalia","Chiroptera","Yangochiroptera","Vespertilionidae","Kerivoulinae","Kerivoula","smithii","Kerivoula_smithii",0,0,0,0,0,2,2,2,0,0,0,0,0
"YAN070201005","Mammalia","Chiroptera","Yangochiroptera","Vespertilionidae","Kerivoulinae","Kerivoula","cuprosa","Kerivoula_cuprosa",0,0,0,0,0,2,2,2,0,0,0,0,0
"YAN070201006","Mammalia","Chiroptera","Yangochiroptera","Vespertilionidae","Kerivoulinae","Kerivoula","phalaena","Kerivoula_phalaena",0,0,0,0,0,2,2,2,0,0,0,0,0
"YAN070201007","Mammalia","Chiroptera","Yangochiroptera","Vespertilionidae","Kerivoulinae","Kerivoula","argentata","Kerivoula_argentata",0,0,0,0,0,2,2,2,0,0,0,0,0
"YAN070301001","Mammalia","Chiroptera","Yangochiroptera","Vespertilionidae","Myotinae","Myotis","emarginatus","Myotis_emarginatus",0,0,0,0,0,2,2,0,0,0,0,0,0
"YAN070301002","Mammalia","Chiroptera","Yangochiroptera","Vespertilionidae","Myotinae","Myotis","tricolor","Myotis_tricolor",0,0,0,0,0,2,0,0,0,0,0,0,0
"YAN070301003","Mammalia","Chiroptera","Yangochiroptera","Vespertilionidae","Myotinae","Myotis","welwitschii","Myotis_welwitschii",0,0,0,0,0,2,0,0,0,0,0,0,0
"YAN070301004","Mammalia","Chiroptera","Yangochiroptera","Vespertilionidae","Myotinae","Myotis","scotti","Myotis_scotti",0,0,0,0,0,2,0,0,0,0,0,0,0
"YAN070301005","Mammalia","Chiroptera","Yangochiroptera","Vespertilionidae","Myotinae","Myotis","morrisi","Myotis_morrisi",0,0,0,0,0,2,2,2,0,0,0,0,0
"YAN070301006","Mammalia","Chiroptera","Yangochiroptera","Vespertilionidae","Myotinae","Myotis","bocagii","Myotis_bocagii",0,0,0,0,0,2,0,0,0,0,0,0,0
"YAN070301007","Mammalia","Chiroptera","Yangochiroptera","Vespertilionidae","Myotinae","Myotis","goudoti","Myotis_goudotii",0,0,0,0,0,2,2,0,0,0,0,0,0
"YAN070301008","Mammalia","Chiroptera","Yangochiroptera","Vespertilionidae","Myotinae","Myotis","anjouanensis","Myotis_anjouanensis",0,0,0,0,0,2,2,2,0,0,0,0,0
"YAN070301009","Mammalia","Chiroptera","Yangochiroptera","Vespertilionidae","Myotinae","Myotis","dieteri","Myotis_dieteri",0,0,0,0,0,2,2,2,0,0,0,0,0
"YAN070301010","Mammalia","Chiroptera","Yangochiroptera","Vespertilionidae","Myotinae","Myotis","mystacinus","Myotis_mystacinus",0,0,0,0,0,2,1,0,0,0,0,0,0
"YAN070301011","Mammalia","Chiroptera","Yangochiroptera","Vespertilionidae","Myotinae","Myotis","capaccinii","Myotis_capaccinii",0,0,0,0,0,2,2,2,1,0,0,0,0
"YAN070301012","Mammalia","Chiroptera","Yangochiroptera","Vespertilionidae","Myotinae","Myotis","punicus","Myotis_punicus",0,0,0,0,0,2,1,0,0,0,0,0,0
"YAN070301013","Mammalia","Chiroptera","Yangochiroptera","Vespertilionidae","Myotinae","Myotis","zenatius","Myotis_zenatius",0,0,0,0,0,2,2,2,0,0,0,0,0
