familyName,genusName,scientificName.iucn.sub,forearm_mm,forearm_sd,forearm_n,mass_g,mass_sd,mass_n,wingspan_cm,wingspan_sd,wingspan_n,wingSurfaceArea_cm2,wingSurfaceArea_sd,wingSurfaceArea_n,liftingSurfaceArea_cm2,liftingSurfaceArea_sd,liftingSurfaceArea_n,totalAspectRatio,totalWingLoading_Nm2,totalRelativeLoading,totalAspectRatio_sd,totalWingLoading_sd,totalRelativeLoading_sd,totalAspectRatio_n,totalWingLoading_n,partialAspectRatio,partialWingLoading_Nm2,partialRelativeLoading,partialAspectRatio_sd,partialWingLoading_sd,partialRelativeLoading_sd,partialAspectRatio_n,partialWingLoading_n,partialRelativeLoading_n,totalRelativeLoading_ext,partialRelativeLoading_ext,totalWingLoading_Nm2_ext,partialWingLoading_Nm2_ext,totalAspectRatio_ext,partialAspectRatio_ext,lifestage,references
CISTUGIDAE,Cistugo,Cistugo lesueuri,36,0.4,4,6.7,1.2,5,23.91,0.93,9,NA,NA,0,93.24,1.25,9,6.14,3.33,0,NA,4.04,NA,9,9,NA,NA,NA,NA,NA,NA,0,0,0,0,NA,3.33,NA,6.14,NA,adult,"29, 78, 258"
CISTUGIDAE,Cistugo,Cistugo seabrae,NA,NA,0,3.8,0.4,2,21.2,1.1,2,NA,NA,0,65.2,7.3,2,6.89,0,0,NA,NA,NA,2,2,NA,NA,NA,NA,NA,NA,0,0,0,0,NA,0,NA,6.89,NA,adult,"29, 258"
CRASEONYCTERIDAE,Craseonycteris,Craseonycteris thonglongyai,NA,NA,0,1.9,NA,1,16,NA,1,NA,NA,0,36,NA,1,7.1,5.2,0,NA,NA,NA,1,1,NA,NA,NA,NA,NA,NA,0,0,0,0,NA,5.2,NA,7.1,NA,adult,"4, 258"
EMBALLONURIDAE,Balantiopteryx,Balantiopteryx plicata,NA,NA,0,6.5,NA,1,NA,NA,0,NA,NA,0,NA,NA,0,NA,NA,NA,NA,NA,NA,0,0,NA,NA,NA,NA,NA,NA,0,0,0,NA,NA,NA,NA,NA,NA,adult,"4, 258"
EMBALLONURIDAE,Coleura,Coleura afra,NA,NA,0,NA,NA,0,31.1,NA,1,NA,NA,0,NA,NA,0,NA,NA,NA,NA,NA,NA,0,0,NA,NA,NA,NA,NA,NA,0,0,0,NA,NA,NA,NA,NA,NA,adult,"4, 258"
EMBALLONURIDAE,Coleura,Coleura seychellensis,NA,NA,0,10.4,NA,1,28.6,NA,1,NA,NA,0,126,NA,1,6.5,8.1,0,NA,NA,NA,1,1,NA,NA,NA,NA,NA,NA,0,0,0,0,NA,8.1,NA,6.5,NA,adult,"4, 258"
EMBALLONURIDAE,Emballonura,Emballonura alecto,NA,NA,0,6.2,NA,1,NA,NA,0,NA,NA,0,NA,NA,0,NA,NA,NA,NA,NA,NA,0,0,NA,NA,NA,NA,NA,NA,0,0,0,NA,NA,NA,NA,NA,NA,adult,"156, 258"
EMBALLONURIDAE,Emballonura,Emballonura monticola,NA,NA,0,5.52,0.27,6,26.35,0.22,6,94.27,1.72,5,90,NA,1,7.7,5.8,0,NA,NA,NA,1,1,7.3,5.7,0,0.09,0.3,NA,5,5,5,0,0,5.8,5.7,7.7,7.3,adult,"4, 26, 258"
EMBALLONURIDAE,Emballonura,Emballonura semicaudata,NA,NA,0,5.6,NA,1,26.2,NA,1,NA,NA,0,97,NA,1,7.1,5.7,0,NA,NA,NA,1,1,NA,NA,NA,NA,NA,NA,0,0,0,0,NA,5.7,NA,7.1,NA,adult,"4, 258"
EMBALLONURIDAE,Rhynchonycteris,Rhynchonycteris naso,NA,NA,0,3.9,NA,1,23.9,NA,1,NA,NA,0,88,NA,1,6.83,4.3,27.37,0.25,NA,10.83,9,1,NA,NA,NA,NA,NA,NA,0,0,0,27.37,NA,4.3,NA,6.83,NA,adult,"4, 16, 258"
EMBALLONURIDAE,Saccolaimus,Saccolaimus flaviventris,77.01,1.62,13,51.76,6.27,34,51.35,1.57,30,NA,NA,0,319.53,20.03,30,8.23,16.17,0,NA,2.29,NA,30,30,NA,NA,NA,NA,NA,NA,0,0,0,0,NA,16.17,NA,8.23,NA,adult,"4, 27, 159, 239, 258"
EMBALLONURIDAE,Saccolaimus,Saccolaimus peli,NA,NA,0,NA,NA,0,68.5,NA,1,NA,NA,0,NA,NA,0,NA,NA,NA,NA,NA,NA,0,0,NA,NA,NA,NA,NA,NA,0,0,0,NA,NA,NA,NA,NA,NA,adult,"4, 258"
EMBALLONURIDAE,Saccolaimus,Saccolaimus saccolaimus,NA,NA,0,45.44,5.53,29,45.53,3.12,29,248,4.78,28,NA,NA,0,NA,NA,NA,NA,NA,NA,0,0,8.6,18.4,0.01,0.13,0.9,NA,28,28,28,NA,0.01,NA,18.4,NA,8.6,adult,"4, 26, 258"
EMBALLONURIDAE,Saccopteryx,Saccopteryx bilineata,NA,NA,0,7.5,NA,1,27.5,NA,1,NA,NA,0,125,NA,1,6.75,5.9,22.28,0.35,NA,11.38,6,1,NA,NA,NA,NA,NA,NA,0,0,0,22.28,NA,5.9,NA,6.75,NA,adult,"4, 16, 258"
EMBALLONURIDAE,Taphozous,Taphozous georgianus,NA,NA,0,25.4,2.2,4,NA,NA,0,NA,NA,0,NA,NA,0,NA,NA,NA,NA,NA,NA,0,0,NA,NA,NA,NA,NA,NA,0,0,0,NA,NA,NA,NA,NA,NA,adult,"239, 258"
EMBALLONURIDAE,Taphozous,Taphozous longimanus,NA,NA,0,28.2,NA,1,39,NA,1,NA,NA,0,155,NA,1,9.8,17.8,0.01,NA,NA,NA,1,1,NA,NA,NA,NA,NA,NA,0,0,0,0.01,NA,17.8,NA,9.8,NA,adult,"4, 258"
EMBALLONURIDAE,Taphozous,Taphozous mauritianus,NA,NA,0,32,5.62,8,39.5,1.3,6,NA,NA,0,216.2,15.7,6,7.94,3.85,13,NA,NA,NA,8,8,NA,NA,NA,NA,NA,NA,0,0,0,13,NA,3.85,NA,7.94,NA,adult,"29, 166, 258"
EMBALLONURIDAE,Taphozous,Taphozous melanopogon,64.94,1.69,71,22.99,2.45,78,36.93,1.22,77,180.14,3.65,6,178.46,16.16,71,7.64,12.73,0,0.58,1.08,NA,71,71,8.2,14.4,0,0.15,0.45,NA,6,6,6,0,0,12.73,14.4,7.64,8.2,adult,"17, 26, 156, 258"
EMBALLONURIDAE,Taphozous,Taphozous nudiventris,NA,NA,0,49.9,NA,1,45.6,NA,1,NA,NA,0,219,NA,1,9.5,22.4,0.01,NA,NA,NA,1,1,NA,NA,NA,NA,NA,NA,0,0,0,0.01,NA,22.4,NA,9.5,NA,adult,"4, 258"
EMBALLONURIDAE,Taphozous,Taphozous perforatus,NA,NA,0,18.8,NA,1,32.6,NA,1,NA,NA,0,142,NA,1,7.5,13,0,NA,NA,NA,1,1,NA,NA,NA,NA,NA,NA,0,0,0,0,NA,13,NA,7.5,NA,adult,"4, 258"
HIPPOSIDERIDAE,Asellia,Asellia tridens,51.67,1.67,47,12.68,1.23,47,31.05,1.15,47,NA,NA,0,138.7,10.35,47,6.96,9.03,0,0.43,1.17,NA,47,47,NA,NA,NA,NA,NA,NA,0,0,0,0,NA,9.03,NA,6.96,NA,adult,13
HIPPOSIDERIDAE,Aselliscus,Aselliscus stoliczkanus,NA,NA,0,5.8,0.8,13,25.8,0.8,13,NA,NA,0,120,10,13,5.65,4.9,0,0.72,0.55,NA,13,13,NA,NA,NA,NA,NA,NA,0,0,0,0,NA,4.9,NA,5.65,NA,adult,"25, 258"
HIPPOSIDERIDAE,Cloeotis,Cloeotis percivali,35,1,19,5.3,0.6,6,21.05,0.92,25,NA,NA,0,79.14,7.7,25,5.66,5.09,0,NA,3.1,NA,25,25,NA,NA,NA,NA,NA,NA,0,0,0,0,NA,5.09,NA,5.66,NA,adult,"29, 238, 258"
HIPPOSIDERIDAE,Coelops,Coelops frithii,NA,NA,0,4,0,2,21.3,0.8,2,NA,NA,0,100,10,2,4.33,3.84,0,0.05,0.32,NA,2,2,NA,NA,NA,NA,NA,NA,0,0,0,0,NA,3.84,NA,4.33,NA,adult,"25, 258"
HIPPOSIDERIDAE,Hipposideros,Hipposideros abae,NA,NA,0,NA,NA,0,32,NA,1,NA,NA,0,NA,NA,0,NA,NA,NA,NA,NA,NA,0,0,NA,NA,NA,NA,NA,NA,0,0,0,NA,NA,NA,NA,NA,NA,adult,"4, 258"
HIPPOSIDERIDAE,Hipposideros,Hipposideros armiger,91.68,0.74,25,57.27,8.84,44,51,2.54,44,NA,NA,0,467.65,36.18,38,5.72,12.32,0,0.27,1.17,NA,38,38,NA,NA,NA,NA,NA,NA,0,0,0,0,NA,12.32,NA,5.72,NA,adult,"24, 25, 164, 258"
HIPPOSIDERIDAE,Hipposideros,Hipposideros ater,NA,NA,0,5.2,NA,1,NA,NA,0,NA,NA,0,NA,NA,0,NA,NA,NA,NA,NA,NA,0,0,NA,NA,NA,NA,NA,NA,0,0,0,NA,NA,NA,NA,NA,NA,adult,"156, 258"
HIPPOSIDERIDAE,Hipposideros,Hipposideros beatus,NA,NA,0,NA,NA,0,20.6,NA,1,NA,NA,0,NA,NA,0,NA,NA,NA,NA,NA,NA,0,0,NA,NA,NA,NA,NA,NA,0,0,0,NA,NA,NA,NA,NA,NA,adult,"4, 258"
HIPPOSIDERIDAE,Hipposideros,Hipposideros bicolor,45.5,NA,14,7.97,NA,40,27.78,NA,40,NA,NA,0,139.38,NA,40,5.41,4.95,0,NA,1.95,NA,40,40,NA,NA,NA,NA,NA,NA,0,0,0,0,NA,4.95,NA,5.41,NA,adult,"4, 52, 79, 258"
HIPPOSIDERIDAE,Hipposideros,Hipposideros caffer,47.65,1.41,25,8.8,0.89,45,28.1,1.18,36,NA,NA,0,135.01,10.65,36,6.11,5.21,9.42,NA,2.7,NA,50,50,NA,NA,NA,NA,NA,NA,0,0,0,9.42,NA,5.21,NA,6.11,NA,adult,"4, 13, 29, 144, 166, 238, 258"
HIPPOSIDERIDAE,Hipposideros,Hipposideros cervinus,49.5,NA,48,10.05,NA,119,30.25,NA,119,NA,NA,0,147.66,NA,119,6.18,4.92,0,NA,2.99,NA,119,119,NA,NA,NA,NA,NA,NA,0,0,0,0,NA,4.92,NA,6.18,NA,adult,"52, 79, 258"
HIPPOSIDERIDAE,Hipposideros,Hipposideros cineraceus,38.4,NA,4,5.23,NA,10,23.47,NA,10,NA,NA,0,100.8,NA,10,5.55,1.45,0,NA,2.34,NA,10,10,NA,NA,NA,NA,NA,NA,0,0,0,0,NA,1.45,NA,5.55,NA,adult,"4, 25, 52, 258"
HIPPOSIDERIDAE,Hipposideros,Hipposideros commersoni,NA,NA,0,89,0,3,65.4,NA,1,NA,NA,0,556,NA,1,7.7,15.7,23.44,NA,NA,NA,3,3,NA,NA,NA,NA,NA,NA,0,0,0,23.44,NA,15.7,NA,7.7,NA,adult,"4, 166, 258"
HIPPOSIDERIDAE,Hipposideros,Hipposideros cyclops,NA,NA,0,NA,NA,0,41.3,NA,1,NA,NA,0,NA,NA,0,NA,NA,NA,NA,NA,NA,0,0,NA,NA,NA,NA,NA,NA,0,0,0,NA,NA,NA,NA,NA,NA,adult,"4, 258"
HIPPOSIDERIDAE,Hipposideros,Hipposideros diadema,84.9,NA,17,46.96,NA,94,50.03,NA,93,NA,NA,0,418.04,NA,93,6.02,7.82,0,NA,5.03,NA,93,93,NA,NA,NA,NA,NA,NA,0,0,0,0,NA,7.82,NA,6.02,NA,adult,"4, 52, 79, 156, 258"
HIPPOSIDERIDAE,Hipposideros,Hipposideros doriae,36.9,NA,2,4.8,NA,3,22.7,NA,3,NA,NA,0,94,NA,3,5.48,0,0,NA,NA,NA,3,3,NA,NA,NA,NA,NA,NA,0,0,0,0,NA,0,NA,5.48,NA,adult,"52, 258"
HIPPOSIDERIDAE,Hipposideros,Hipposideros kunzi,NA,NA,0,8,1,56,27.4,1.2,56,NA,NA,0,140,10,56,5.56,5.75,0,0.26,0.56,NA,56,56,NA,NA,NA,NA,NA,NA,0,0,0,0,NA,5.75,NA,5.56,NA,adult,79
HIPPOSIDERIDAE,Hipposideros,Hipposideros larvatus,59.86,NA,30,18.21,NA,99,34.43,NA,93,NA,NA,0,209.01,NA,93,5.68,6.83,0,NA,3.62,NA,93,93,NA,NA,NA,NA,NA,NA,0,0,0,0,NA,6.83,NA,5.68,NA,adult,"25, 52, 135, 164, 258"
HIPPOSIDERIDAE,Hipposideros,Hipposideros lylei,NA,NA,0,46.2,5.4,5,44.3,1.4,5,NA,NA,0,380,40,5,5.14,12.08,0,0.26,1.29,NA,5,5,NA,NA,NA,NA,NA,NA,0,0,0,0,NA,12.08,NA,5.14,NA,adult,"25, 258"
HIPPOSIDERIDAE,Hipposideros,Hipposideros obscurus,NA,NA,0,9.1,NA,1,NA,NA,0,NA,NA,0,NA,NA,0,NA,NA,NA,NA,NA,NA,0,0,NA,NA,NA,NA,NA,NA,0,0,0,NA,NA,NA,NA,NA,NA,adult,"156, 258"
HIPPOSIDERIDAE,Hipposideros,Hipposideros pomona,41,NA,1,6.7,0.9,12,24.2,1.1,12,NA,NA,0,120,10,12,4.83,5.44,2.49,0.29,0.73,8.99,13,12,NA,NA,NA,NA,NA,NA,0,0,0,2.49,NA,5.44,NA,4.83,NA,adult,"25, 30, 121, 258"
HIPPOSIDERIDAE,Hipposideros,Hipposideros pratti,86,2.5,9,51,12.6,9,45.91,2.07,9,NA,NA,0,NA,NA,0,NA,NA,NA,NA,NA,NA,0,0,NA,NA,NA,NA,NA,NA,0,0,0,NA,NA,NA,NA,NA,NA,adult,164
HIPPOSIDERIDAE,Hipposideros,Hipposideros pygmaeus,NA,NA,0,4,NA,1,NA,NA,0,NA,NA,0,NA,NA,0,NA,NA,NA,NA,NA,NA,0,0,NA,NA,NA,NA,NA,NA,0,0,0,NA,NA,NA,NA,NA,NA,adult,"156, 258"
HIPPOSIDERIDAE,Hipposideros,Hipposideros ridleyi,48.4,NA,8,9.08,NA,29,29.93,NA,29,NA,NA,0,136.1,NA,29,7.01,3.61,0,NA,2.91,NA,29,29,NA,NA,NA,NA,NA,NA,0,0,0,0,NA,3.61,NA,7.01,NA,adult,"52, 79, 258"
HIPPOSIDERIDAE,Hipposideros,Hipposideros ruber,48.47,1.27,28,11.34,1.49,28,30.17,0.87,28,NA,NA,0,139.55,7.1,28,6.54,7.96,0,0.35,0.92,NA,28,28,NA,NA,NA,NA,NA,NA,0,0,0,0,NA,7.96,NA,6.54,NA,adult,13
HIPPOSIDERIDAE,Hipposideros,Hipposideros speoris,NA,NA,0,11,NA,1,28,NA,1,NA,NA,0,121,NA,1,6.5,8.9,0,NA,NA,NA,1,1,NA,NA,NA,NA,NA,NA,0,0,0,0,NA,8.9,NA,6.5,NA,adult,"4, 258"
HIPPOSIDERIDAE,Hipposideros,Hipposideros vittatus,NA,NA,0,68.7,9.4,2,52.4,1.2,2,NA,NA,0,438.2,44.9,2,6.27,0,0,NA,NA,NA,2,2,NA,NA,NA,NA,NA,NA,0,0,0,0,NA,0,NA,6.27,NA,adult,29
HIPPOSIDERIDAE,Triaenops,Triaenops afer,NA,NA,0,10.9,NA,1,29.3,NA,1,NA,NA,0,116,NA,1,7.4,9.2,0,NA,NA,NA,1,1,NA,NA,NA,NA,NA,NA,0,0,0,0,NA,9.2,NA,7.4,NA,adult,4
HIPPOSIDERIDAE,Triaenops,Triaenops persicus,NA,NA,0,10.9,NA,1,29.3,NA,1,NA,NA,0,116,NA,1,7.4,9.2,0,NA,NA,NA,1,1,NA,NA,NA,NA,NA,NA,0,0,0,0,NA,9.2,NA,7.4,NA,adult,"4, 258"
MEGADERMATIDAE,Cardioderma,Cardioderma cor,NA,NA,0,NA,NA,0,32.8,NA,1,NA,NA,0,NA,NA,0,NA,NA,NA,NA,NA,NA,0,0,NA,NA,NA,NA,NA,NA,0,0,0,NA,NA,NA,NA,NA,NA,adult,"4, 258"
MEGADERMATIDAE,Lavia,Lavia frons,NA,NA,0,26,NA,1,34,NA,1,NA,NA,0,213,NA,1,5.4,12,0,NA,NA,NA,1,1,NA,NA,NA,NA,NA,NA,0,0,0,0,NA,12,NA,5.4,NA,adult,"4, 258"
MEGADERMATIDAE,Macroderma,Macroderma gigas,NA,NA,0,123,NA,1,66,NA,1,NA,NA,0,717,NA,1,6.1,16.8,0,NA,NA,NA,1,1,NA,NA,NA,NA,NA,NA,0,0,0,0,NA,16.8,NA,6.1,NA,adult,"4, 258"
MEGADERMATIDAE,Megaderma,Megaderma lyra,NA,NA,0,43.81,3.67,9,44.53,1.14,9,NA,NA,0,372.44,36.07,9,5.35,11.92,0,0.41,0.72,NA,9,20,NA,NA,NA,NA,NA,NA,0,0,0,0,NA,11.92,NA,5.35,NA,adult,"4, 25, 92, 258"
MEGADERMATIDAE,Megaderma,Megaderma spasma,56,NA,1,22.9,NA,1,34.4,NA,1,NA,NA,0,NA,NA,0,4.7,NA,31.4,NA,NA,NA,1,0,NA,NA,NA,NA,NA,NA,0,0,0,31.4,NA,8.92,NA,4.7,NA,adult,"4, 30, 156, 258"
MINIOPTERIDAE,Miniopterus,Miniopterus australis,NA,NA,0,6.67,0.76,12,27.96,1.43,11,NA,NA,0,119.27,19.13,11,6.79,5.81,0,0.46,1.26,NA,11,11,NA,NA,NA,NA,NA,NA,0,0,0,0,NA,5.81,NA,6.79,NA,adult,"4, 27, 156, 258"
MINIOPTERIDAE,Miniopterus,Miniopterus fraterculus,NA,NA,0,8.81,0.51,13,28.89,1.51,13,NA,NA,0,136.13,8.03,13,6.19,1.48,0,NA,2.81,NA,13,13,NA,NA,NA,NA,NA,NA,0,0,0,0,NA,1.48,NA,6.19,NA,adult,"28, 29, 258"
MINIOPTERIDAE,Miniopterus,Miniopterus inflatus,NA,NA,0,12.5,NA,1,29,NA,1,NA,NA,0,97,NA,1,8.7,12.6,0.01,NA,NA,NA,1,1,NA,NA,NA,NA,NA,NA,0,0,0,0.01,NA,12.6,NA,8.7,NA,adult,"4, 258"
MINIOPTERIDAE,Miniopterus,Miniopterus minor,NA,NA,0,NA,NA,0,28,NA,1,NA,NA,0,NA,NA,0,NA,NA,NA,NA,NA,NA,0,0,NA,NA,NA,NA,NA,NA,0,0,0,NA,NA,NA,NA,NA,NA,adult,4
MINIOPTERIDAE,Miniopterus,Miniopterus natalensis,NA,NA,0,11.7,0.78,12,30.53,1.22,12,NA,NA,0,146.15,7.36,12,6.33,1.32,0,NA,3.08,NA,12,12,NA,NA,NA,NA,NA,NA,0,0,0,0,NA,1.32,NA,6.33,NA,adult,"28, 29, 258"
MINIOPTERIDAE,Miniopterus,Miniopterus pusillus,40,NA,1,NA,NA,0,NA,NA,0,NA,NA,0,NA,NA,0,7.3,NA,32.9,NA,NA,NA,1,0,NA,NA,NA,NA,NA,NA,0,0,0,32.9,NA,NA,NA,7.3,NA,adult,"30, 258"
MINIOPTERIDAE,Miniopterus,Miniopterus schreibersii,44.57,1.81,31,12.56,1.38,22,28.88,2.15,37,NA,NA,0,132.7,13.14,37,6.25,9.16,0,0.6,1.26,NA,37,37,NA,NA,NA,NA,NA,NA,0,0,0,0,NA,9.16,NA,6.25,NA,adult,"4, 27, 78, 150, 156, 238, 258"
MINIOPTERIDAE,Miniopterus,Miniopterus tristis,NA,NA,0,18.4,NA,1,NA,NA,0,NA,NA,0,NA,NA,0,NA,NA,NA,NA,NA,NA,0,0,NA,NA,NA,NA,NA,NA,0,0,0,NA,NA,NA,NA,NA,NA,adult,"156, 258"
MOLOSSIDAE,Austronomus,Austronomus australis,NA,NA,0,35.37,4.05,21,42.06,1.95,17,NA,NA,0,217.65,21.66,17,8.17,15.7,0,0.87,1.94,NA,17,17,NA,NA,NA,NA,NA,NA,0,0,0,0,NA,15.7,NA,8.17,NA,adult,"4, 27, 239, 258"
MOLOSSIDAE,Chaerephon,Chaerephon ansorgei,NA,NA,0,NA,NA,0,33.1,NA,1,NA,NA,0,NA,NA,0,NA,NA,NA,NA,NA,NA,0,0,NA,NA,NA,NA,NA,NA,0,0,0,NA,NA,NA,NA,NA,NA,adult,"4, 258"
MOLOSSIDAE,Chaerephon,Chaerephon atsinanana,39.3,0.33,10,NA,NA,0,NA,NA,0,NA,NA,0,NA,NA,0,8.35,10.31,NA,0.05,0.12,NA,10,10,NA,NA,NA,NA,NA,NA,0,0,0,NA,NA,10.31,NA,8.35,NA,adult,102
MOLOSSIDAE,Chaerephon,Chaerephon jobensis,NA,NA,0,23.4,2.6,3,NA,NA,0,NA,NA,0,NA,NA,0,NA,NA,NA,NA,NA,NA,0,0,NA,NA,NA,NA,NA,NA,0,0,0,NA,NA,NA,NA,NA,NA,adult,"239, 258"
MOLOSSIDAE,Chaerephon,Chaerephon leucogaster,35,0.21,10,NA,NA,0,NA,NA,0,NA,NA,0,NA,NA,0,8.09,9.6,NA,0.08,0.07,NA,10,10,NA,NA,NA,NA,NA,NA,0,0,0,NA,NA,9.6,NA,8.09,NA,adult,102
MOLOSSIDAE,Chaerephon,Chaerephon major,NA,NA,0,NA,NA,0,32.7,NA,1,NA,NA,0,NA,NA,0,NA,NA,NA,NA,NA,NA,0,0,NA,NA,NA,NA,NA,NA,0,0,0,NA,NA,NA,NA,NA,NA,adult,"4, 258"
MOLOSSIDAE,Chaerephon,Chaerephon plicatus,NA,NA,0,23.6,NA,1,34.3,NA,1,NA,NA,0,106,NA,1,11.1,21.8,0.01,NA,NA,NA,1,1,NA,NA,NA,NA,NA,NA,0,0,0,0.01,NA,21.8,NA,11.1,NA,adult,"4, 258"
MOLOSSIDAE,Chaerephon,Chaerephon pumilus,38.73,2.82,34,11.34,1.1,41,26.84,1.14,16,NA,NA,0,96.88,9.19,16,8.2,11.07,41.11,NA,5.96,NA,51,51,NA,NA,NA,NA,NA,NA,0,0,0,41.11,NA,11.07,NA,8.2,NA,adult,"4, 28, 29, 93, 102, 166, 258"
MOLOSSIDAE,Chaerephon,Chaerephon russatus,NA,NA,0,NA,NA,0,29.2,NA,1,NA,NA,0,NA,NA,0,NA,NA,NA,NA,NA,NA,0,0,NA,NA,NA,NA,NA,NA,0,0,0,NA,NA,NA,NA,NA,NA,adult,"4, 258"
MOLOSSIDAE,Cheiromeles,Cheiromeles torquatus,NA,NA,0,135.5,NA,1,NA,NA,0,NA,NA,0,384,NA,1,NA,34.6,0.01,NA,NA,NA,0,1,NA,NA,NA,NA,NA,NA,0,0,0,0.01,NA,34.6,NA,NA,NA,adult,"4, 258"
MOLOSSIDAE,Cynomops,Cynomops abrasus,NA,NA,0,35,NA,1,NA,NA,0,NA,NA,0,173,NA,1,NA,19.8,0.01,NA,NA,NA,0,1,NA,NA,NA,NA,NA,NA,0,0,0,0.01,NA,19.8,NA,NA,NA,adult,"4, 258"
MOLOSSIDAE,Cynomops,Cynomops paranus,NA,NA,0,NA,NA,0,NA,NA,0,NA,NA,0,NA,NA,0,8.28,NA,38.46,NA,NA,NA,1,0,NA,NA,NA,NA,NA,NA,0,0,0,38.46,NA,NA,NA,8.28,NA,adult,"16, 258"
MOLOSSIDAE,Eumops,Eumops glaucinus,NA,NA,0,NA,NA,0,47,NA,1,NA,NA,0,NA,NA,0,NA,NA,NA,NA,NA,NA,0,0,NA,NA,NA,NA,NA,NA,0,0,0,NA,NA,NA,NA,NA,NA,adult,"4, 258"
MOLOSSIDAE,Eumops,Eumops perotis,NA,NA,0,53.5,NA,1,44.6,NA,1,NA,NA,0,209,NA,1,9.5,25.1,0.01,NA,NA,NA,1,1,NA,NA,NA,NA,NA,NA,0,0,0,0.01,NA,25.1,NA,9.5,NA,adult,"4, 258"
MOLOSSIDAE,Eumops,Eumops underwoodi,NA,NA,0,40,NA,1,52,NA,1,NA,NA,0,NA,NA,0,NA,NA,NA,NA,NA,NA,0,0,NA,NA,NA,NA,NA,NA,0,0,0,NA,NA,NA,NA,NA,NA,adult,"4, 258"
MOLOSSIDAE,Molossops,Molossops mattogrossensis,NA,NA,0,5.8,NA,1,21.5,NA,1,NA,NA,0,63,NA,1,7.3,9,0.01,NA,NA,NA,1,1,NA,NA,NA,NA,NA,NA,0,0,0,0.01,NA,9,NA,7.3,NA,adult,"4, 258"
MOLOSSIDAE,Molossops,Molossops temminckii,28.97,0.54,12,6.21,0.26,12,22.18,0.38,12,NA,NA,0,63.8,2.47,12,7.71,9.55,0.01,0.22,0.39,NA,12,12,NA,NA,NA,NA,NA,NA,0,0,0,0.01,NA,9.55,NA,7.71,NA,adult,89
MOLOSSIDAE,Molossus,Molossus bondae,NA,NA,0,17.6,NA,1,28.4,NA,1,NA,NA,0,92,NA,1,8.8,18.8,0.01,NA,NA,NA,1,1,NA,NA,NA,NA,NA,NA,0,0,0,0.01,NA,18.8,NA,8.8,NA,adult,4
MOLOSSIDAE,Molossus,Molossus coibensis,34.31,1.42,12,12.96,1.14,12,19.19,NA,12,46.5,NA,12,NA,NA,0,NA,NA,NA,NA,NA,NA,0,0,7.93,27.32,54.28,0.37,3.66,6.45,12,12,12,NA,54.28,NA,27.32,NA,7.93,adult,2
MOLOSSIDAE,Molossus,Molossus currentium,NA,NA,0,17.7,2.4,11,29.3,1,11,NA,NA,0,82,10,11,10.43,22.1,0.01,0.98,2.8,NA,11,11,NA,NA,NA,NA,NA,NA,0,0,0,0.01,NA,22.1,NA,10.43,NA,adult,"21, 258"
MOLOSSIDAE,Molossus,Molossus molossus,37.01,0.94,125,12.5,3.27,126,20.79,NA,105,55.14,NA,104,99,NA,1,8.05,16.94,52.48,0.38,1.95,13.72,19,18,7.77,19.97,41.62,0.44,3.2,5.05,104,104,104,52.48,41.62,16.94,19.97,8.05,7.77,adult,"2, 4, 5, 16, 143, 258"
MOLOSSIDAE,Molossus,Molossus rufus,NA,NA,0,28.6,NA,1,36.5,NA,1,NA,NA,0,120,NA,1,11.1,23.4,0.01,NA,NA,NA,1,1,NA,NA,NA,NA,NA,NA,0,0,0,0.01,NA,23.4,NA,11.1,NA,adult,4
MOLOSSIDAE,Molossus,Molossus sinaloae,NA,NA,0,22.94,2.86,7,30.57,3.43,7,NA,NA,0,117.57,27.33,7,8.19,19.23,0.01,0.48,3.36,NA,7,7,NA,NA,NA,NA,NA,NA,0,0,0,0.01,NA,19.23,NA,8.19,NA,adult,"4, 21, 258"
MOLOSSIDAE,Mops,Mops condylurus,NA,NA,0,27.53,4.26,18,33.75,1.19,13,NA,NA,0,149.09,5.64,13,8.05,8.06,16.88,NA,9.3,NA,18,18,NA,NA,NA,NA,NA,NA,0,0,0,16.88,NA,8.06,NA,8.05,NA,adult,"4, 28, 29, 166, 258"
MOLOSSIDAE,Mops,Mops congicus,NA,NA,0,52.9,NA,1,43.9,NA,1,NA,NA,0,NA,NA,0,NA,NA,NA,NA,NA,NA,0,0,NA,NA,NA,NA,NA,NA,0,0,0,NA,NA,NA,NA,NA,NA,adult,"4, 258"
MOLOSSIDAE,Mops,Mops demonstrator,NA,NA,0,NA,NA,0,31.6,NA,1,NA,NA,0,NA,NA,0,NA,NA,NA,NA,NA,NA,0,0,NA,NA,NA,NA,NA,NA,0,0,0,NA,NA,NA,NA,NA,NA,adult,"4, 258"
MOLOSSIDAE,Mops,Mops leucostigma,44.4,0.22,10,NA,NA,0,NA,NA,0,NA,NA,0,NA,NA,0,8.27,14.21,NA,0.05,0.22,NA,10,10,NA,NA,NA,NA,NA,NA,0,0,0,NA,NA,14.21,NA,8.27,NA,adult,"102, 258"
MOLOSSIDAE,Mops,Mops midas,63,0.45,10,44.1,NA,1,45.7,NA,1,NA,NA,0,235,NA,1,8.75,18.23,0.01,0.13,2.28,NA,11,11,NA,NA,NA,NA,NA,NA,0,0,0,0.01,NA,18.23,NA,8.75,NA,adult,"4, 102, 258"
MOLOSSIDAE,Mops,Mops nanulus,NA,NA,0,NA,NA,0,22.2,NA,1,NA,NA,0,NA,NA,0,NA,NA,NA,NA,NA,NA,0,0,NA,NA,NA,NA,NA,NA,0,0,0,NA,NA,NA,NA,NA,NA,adult,"4, 258"
MOLOSSIDAE,Mops,Mops niveiventer,NA,NA,0,28.7,2,6,31.7,1.3,6,NA,NA,0,129.7,10.9,6,7.75,0,0.01,NA,NA,NA,6,6,NA,NA,NA,NA,NA,NA,0,0,0,0.01,NA,0,NA,7.75,NA,adult,29
MOLOSSIDAE,Mops,Mops thersites,NA,NA,0,NA,NA,0,27.2,NA,1,NA,NA,0,NA,NA,0,NA,NA,NA,NA,NA,NA,0,0,NA,NA,NA,NA,NA,NA,0,0,0,NA,NA,NA,NA,NA,NA,adult,"4, 258"
MOLOSSIDAE,Mops,Mops trevori,NA,NA,0,NA,NA,0,38.4,NA,1,NA,NA,0,NA,NA,0,NA,NA,NA,NA,NA,NA,0,0,NA,NA,NA,NA,NA,NA,0,0,0,NA,NA,NA,NA,NA,NA,adult,"4, 258"
MOLOSSIDAE,Mormopterus,Mormopterus acetabulosus,NA,NA,0,NA,NA,0,24,NA,1,NA,NA,0,NA,NA,0,NA,NA,NA,NA,NA,NA,0,0,NA,NA,NA,NA,NA,NA,0,0,0,NA,NA,NA,NA,NA,NA,adult,"4, 258"
MOLOSSIDAE,Mormopterus,Mormopterus beccarii,NA,NA,0,14.75,1.38,11,26.6,0.7,8,NA,NA,0,100,10,8,6.97,14.28,0.01,0.29,1.43,NA,8,8,NA,NA,NA,NA,NA,NA,0,0,0,0.01,NA,14.28,NA,6.97,NA,adult,"27, 239, 258"
MOLOSSIDAE,Mormopterus,Mormopterus jugularis,37.8,0.25,10,NA,NA,0,NA,NA,0,NA,NA,0,NA,NA,0,7.91,13.41,NA,0.07,0.4,NA,10,10,NA,NA,NA,NA,NA,NA,0,0,0,NA,NA,13.41,NA,7.91,NA,adult,"102, 258"
MOLOSSIDAE,Mormopterus,Mormopterus kalinowskii,NA,NA,0,3.1,1.13,2,17.25,0.35,2,NA,NA,0,32.4,2.26,2,9.2,9.28,0.01,0.27,2.77,NA,2,2,NA,NA,NA,NA,NA,NA,0,0,0,0.01,NA,9.28,NA,9.2,NA,adult,"6, 258"
MOLOSSIDAE,Mormopterus,Mormopterus norfolkensis,NA,NA,0,8.6,0.6,20,26.9,0.9,20,NA,NA,0,100,10,20,7.52,8.76,0,0.44,0.9,NA,20,20,NA,NA,NA,NA,NA,NA,0,0,0,0,NA,8.76,NA,7.52,NA,adult,"27, 258"
MOLOSSIDAE,Mormopterus,Mormopterus planiceps,NA,NA,0,9.9,0.5,2,NA,NA,0,NA,NA,0,NA,NA,0,6.1,12.3,57.28,0.1,0.2,NA,2,2,NA,NA,NA,NA,NA,NA,0,0,0,57.28,NA,12.3,NA,6.1,NA,adult,"100, 258"
MOLOSSIDAE,Myopterus,Myopterus daubentonii,NA,NA,0,NA,NA,0,37.4,NA,1,NA,NA,0,NA,NA,0,NA,NA,NA,NA,NA,NA,0,0,NA,NA,NA,NA,NA,NA,0,0,0,NA,NA,NA,NA,NA,NA,adult,"4, 258"
MOLOSSIDAE,Myopterus,Myopterus whitleyi,NA,NA,0,12,NA,1,NA,NA,0,NA,NA,0,74,NA,1,NA,15.9,0.01,NA,NA,NA,0,1,NA,NA,NA,NA,NA,NA,0,0,0,0.01,NA,15.9,NA,NA,NA,adult,"4, 258"
MOLOSSIDAE,Otomops,Otomops madagascariensis,60.1,0.45,10,NA,NA,0,NA,NA,0,NA,NA,0,NA,NA,0,8.34,12.86,NA,0.1,0.41,NA,10,10,NA,NA,NA,NA,NA,NA,0,0,0,NA,NA,12.86,NA,8.34,NA,adult,102
MOLOSSIDAE,Otomops,Otomops martiensseni,65.06,1.37,17,33.47,2.68,19,41.62,3.19,19,NA,NA,0,201.21,27.19,19,8.74,15.32,21.59,NA,NA,29.36,29,29,NA,NA,NA,NA,NA,NA,0,0,0,21.59,NA,15.32,NA,8.74,NA,adult,"4, 28, 29, 102, 220, 240, 258"
MOLOSSIDAE,Promops,Promops nasutus,NA,NA,0,37.5,NA,1,NA,NA,0,NA,NA,0,149,NA,1,NA,24.7,0.01,NA,NA,NA,0,1,NA,NA,NA,NA,NA,NA,0,0,0,0.01,NA,24.7,NA,NA,NA,adult,"4, 258"
MOLOSSIDAE,Sauromys,Sauromys petrophilus,39,1,51,9.8,0.8,10,26.29,1.8,62,NA,NA,0,92.41,11.07,61,7.43,9.36,0.01,NA,4.3,NA,61,61,NA,NA,NA,NA,NA,NA,0,0,0,0.01,NA,9.36,NA,7.43,NA,adult,"4, 29, 78, 258"
MOLOSSIDAE,Tadarida,Tadarida aegyptiaca,45.1,1.2,43,16.06,1.28,14,30.89,1.19,57,NA,NA,0,116.39,9.47,57,8.26,10.73,0.01,NA,5.19,NA,57,57,NA,NA,NA,NA,NA,NA,0,0,0,0.01,NA,10.73,NA,8.26,NA,adult,"4, 28, 29, 78, 258"
MOLOSSIDAE,Tadarida,Tadarida brasiliensis,39.86,0.72,16,11.62,NA,63,28.05,NA,47,70,2,5,97.83,6.47,37,8.34,12.06,0.01,0.42,1.28,NA,37,49,9.79,0,0.01,0.3,NA,NA,5,5,5,0.01,0.01,12.06,0,8.34,9.79,adult,"4, 5, 6, 8, 110, 118, 143, 258"
MOLOSSIDAE,Tadarida,Tadarida fulminans,NA,NA,0,33,0,2,45.7,NA,1,NA,NA,0,160,NA,1,13.7,20.2,31.49,0.85,0,44.53,2,2,NA,NA,NA,NA,NA,NA,0,0,0,31.49,NA,20.2,NA,13.7,NA,adult,"4, 166, 258"
MOLOSSIDAE,Tadarida,Tadarida lobata,NA,NA,0,NA,NA,0,41.9,NA,1,NA,NA,0,NA,NA,0,NA,NA,NA,NA,NA,NA,0,0,NA,NA,NA,NA,NA,NA,0,0,0,NA,NA,NA,NA,NA,NA,adult,"4, 258"
MOLOSSIDAE,Tadarida,Tadarida teniotis,NA,NA,0,34.31,NA,13,41,NA,9,NA,NA,0,NA,NA,0,8.9,18.4,52.12,0.7,0.9,NA,4,4,NA,NA,NA,NA,NA,NA,0,0,0,52.12,NA,18.4,NA,8.9,NA,adult,"4, 83, 166, 258"
MORMOOPIDAE,Mormoops,Mormoops blainvillei,46.61,2.49,36,8.79,0.98,61,NA,NA,0,NA,NA,0,NA,NA,0,6.51,5.77,26.32,0.22,1.06,NA,43,56,NA,NA,NA,NA,NA,NA,0,0,0,26.32,NA,5.77,NA,6.51,NA,adult,"1, 5, 22, 143, 258"
MORMOOPIDAE,Mormoops,Mormoops megalophylla,NA,NA,0,17,NA,1,32.5,NA,1,NA,NA,0,149,NA,1,7.1,11.2,0,NA,NA,NA,1,1,NA,NA,NA,NA,NA,NA,0,0,0,0,NA,11.2,NA,7.1,NA,adult,"4, 258"
MORMOOPIDAE,Pteronotus,Pteronotus davyi,45,NA,1,8.95,2.76,2,30.1,4.67,2,NA,NA,0,134,NA,1,8.3,8,0,NA,NA,NA,1,1,NA,NA,NA,NA,NA,NA,0,0,0,0,NA,8,NA,8.3,NA,adult,"4, 148, 258"
MORMOOPIDAE,Pteronotus,Pteronotus davyi davyi,48.3,1.5,7,9.9,0.8,7,NA,NA,0,NA,NA,0,NA,NA,0,6.35,6.33,29.48,0.17,0.48,NA,7,7,NA,NA,NA,NA,NA,NA,0,0,0,29.48,NA,6.33,NA,6.35,NA,adult,22
MORMOOPIDAE,Pteronotus,Pteronotus gymnonotus,NA,NA,0,8.2,NA,1,29.7,NA,1,NA,NA,0,110,NA,1,8,7.3,0,NA,NA,NA,1,1,NA,NA,NA,NA,NA,NA,0,0,0,0,NA,7.3,NA,8,NA,adult,"4, 258"
MORMOOPIDAE,Pteronotus,Pteronotus macleayii,43.04,0.79,9,6,0.9,25,NA,NA,0,NA,NA,0,NA,NA,0,7.5,4.94,28.19,0.05,0.12,NA,16,16,NA,NA,NA,NA,NA,NA,0,0,0,28.19,NA,4.94,NA,7.5,NA,adult,"1, 143, 258"
MORMOOPIDAE,Pteronotus,Pteronotus parnellii,53.57,2.16,28,12.89,3,61,34.53,1.8,3,NA,NA,0,NA,NA,0,6.6,6.11,29.75,0.15,0.77,NA,56,32,NA,NA,NA,NA,NA,NA,0,0,0,29.75,NA,6.11,NA,6.6,NA,adult,"1, 4, 16, 96, 143, 148, 258"
MORMOOPIDAE,Pteronotus,Pteronotus parnellii portoricensis,51,0.9,6,11.3,2.5,6,NA,NA,0,NA,NA,0,NA,NA,0,6.68,6.48,28.88,0.33,1.04,NA,6,6,NA,NA,NA,NA,NA,NA,0,0,0,28.88,NA,6.48,NA,6.68,NA,adult,22
MORMOOPIDAE,Pteronotus,Pteronotus quadridens,38.29,0.76,7,5.39,0.87,27,NA,NA,0,NA,NA,0,NA,NA,0,7.58,5.52,31.99,0.07,0.23,NA,20,25,NA,NA,NA,NA,NA,NA,0,0,0,31.99,NA,5.52,NA,7.58,NA,adult,"1, 5, 143, 258"
MORMOOPIDAE,Pteronotus,Pteronotus quadridens fuliginosus,38.6,1.1,16,5.7,0.7,16,NA,NA,0,NA,NA,0,NA,NA,0,6.92,5.84,32.69,0.43,0.88,NA,16,16,NA,NA,NA,NA,NA,NA,0,0,0,32.69,NA,5.84,NA,6.92,NA,adult,22
MYSTACINIDAE,Mystacina,Mystacina robusta,NA,NA,0,24.5,NA,1,33,NA,1,NA,NA,0,119,NA,1,9.2,20.2,0.01,NA,NA,NA,1,1,NA,NA,NA,NA,NA,NA,0,0,0,0.01,NA,20.2,NA,9.2,NA,adult,"4, 258"
MYSTACINIDAE,Mystacina,Mystacina tuberculata,43.05,1.19,18,14.87,1.48,19,30.38,1.5,19,NA,NA,0,156.79,14.35,19,5.93,9.4,0,0.56,1.21,NA,19,19,NA,NA,NA,NA,NA,NA,0,0,0,0,NA,9.4,NA,5.93,NA,adult,"4, 242, 258"
MYSTACINIDAE,Mystacina,Mystacina tuberculata tuberculata,42.03,0.75,35,15.65,0.82,35,NA,NA,0,NA,NA,0,NA,NA,0,5.57,9.68,38.7,0.24,0.78,NA,35,35,NA,NA,NA,NA,NA,NA,0,0,0,38.7,NA,9.68,NA,5.57,NA,adult,237
NATALIDAE,Natalus,Natalus stramineus,NA,NA,0,3.9,NA,1,24,NA,1,NA,NA,0,99,NA,1,5.8,3.9,0,NA,NA,NA,1,1,NA,NA,NA,NA,NA,NA,0,0,0,0,NA,3.9,NA,5.8,NA,adult,"4, 258"
NATALIDAE,Natalus,Natalus stramineus stramineus,41.3,3.5,8,6.3,0.8,8,NA,NA,0,NA,NA,0,NA,NA,0,5.34,4.34,23.5,0.29,0.42,NA,8,8,NA,NA,NA,NA,NA,NA,0,0,0,23.5,NA,4.34,NA,5.34,NA,adult,22
NOCTILIONIDAE,Noctilio,Noctilio albiventris,NA,NA,0,29.6,NA,1,40.3,NA,1,NA,NA,0,209,NA,1,7.93,13.9,38.48,0.27,NA,10.07,19,1,NA,NA,NA,NA,NA,NA,0,0,0,38.48,NA,13.9,NA,7.93,NA,adult,"4, 16, 258"
NOCTILIONIDAE,Noctilio,Noctilio leporinus,NA,NA,0,59,NA,1,58.4,NA,1,NA,NA,0,380,NA,1,9,15.57,0,NA,0.85,NA,1,4,NA,NA,NA,NA,NA,NA,0,0,0,0,NA,15.57,NA,9,NA,adult,"4, 5, 258"
NYCTERIDAE,Nycteris,Nycteris arge,NA,NA,0,NA,NA,0,26.7,NA,1,NA,NA,0,NA,NA,0,NA,NA,NA,NA,NA,NA,0,0,NA,NA,NA,NA,NA,NA,0,0,0,NA,NA,NA,NA,NA,NA,adult,"4, 258"
NYCTERIDAE,Nycteris,Nycteris grandis,NA,NA,0,32,NA,1,38,NA,1,NA,NA,0,277,NA,1,5.2,11.4,0,NA,NA,NA,1,1,NA,NA,NA,NA,NA,NA,0,0,0,0,NA,11.4,NA,5.2,NA,adult,"4, 258"
NYCTERIDAE,Nycteris,Nycteris hispida,NA,NA,0,8,NA,1,26.6,NA,1,NA,NA,0,146,NA,1,4.8,5.4,0,NA,NA,NA,1,1,NA,NA,NA,NA,NA,NA,0,0,0,0,NA,5.4,NA,4.8,NA,adult,"4, 258"
NYCTERIDAE,Nycteris,Nycteris macrotis,NA,NA,0,15.7,3.65,3,33,3.71,3,NA,NA,0,211.2,45.7,3,5.19,2.37,0,NA,4.1,NA,3,3,NA,NA,NA,NA,NA,NA,0,0,0,0,NA,2.37,NA,5.19,NA,adult,"4, 29, 258"
NYCTERIDAE,Nycteris,Nycteris major,NA,NA,0,NA,NA,0,31.1,NA,1,NA,NA,0,NA,NA,0,NA,NA,NA,NA,NA,NA,0,0,NA,NA,NA,NA,NA,NA,0,0,0,NA,NA,NA,NA,NA,NA,adult,"4, 258"
NYCTERIDAE,Nycteris,Nycteris nana,NA,NA,0,NA,NA,0,15.2,NA,1,NA,NA,0,NA,NA,0,NA,NA,NA,NA,NA,NA,0,0,NA,NA,NA,NA,NA,NA,0,0,0,NA,NA,NA,NA,NA,NA,adult,"4, 258"
NYCTERIDAE,Nycteris,Nycteris thebaica,47.04,1.51,17,12.17,1.79,24,29.32,1.33,30,NA,NA,0,162.13,9.62,30,5.39,6.92,2.36,NA,2.72,NA,74,74,NA,NA,NA,NA,NA,NA,0,0,0,2.36,NA,6.92,NA,5.39,NA,adult,"4, 28, 29, 78, 144, 166, 246, 258"
NYCTERIDAE,Nycteris,Nycteris tragata,NA,NA,0,16.5,0.53,2,31.3,0.01,2,210.06,1,2,NA,NA,0,NA,NA,NA,NA,NA,NA,0,0,4.7,7.7,0,0.49,0.6,NA,2,2,2,NA,0,NA,7.7,NA,4.7,adult,"26, 258"
PHYLLOSTOMIDAE,Anoura,Anoura geoffroyi,NA,NA,0,14.1,NA,1,28.2,NA,1,NA,NA,0,111,NA,1,7.2,12.5,0.01,NA,NA,NA,1,1,NA,NA,NA,NA,NA,NA,0,0,0,0.01,NA,12.5,NA,7.2,NA,adult,"4, 258"
PHYLLOSTOMIDAE,Artibeus,Artibeus concolor,NA,NA,0,NA,NA,0,NA,NA,0,NA,NA,0,NA,NA,0,6.46,NA,35.78,0.33,NA,2.6,10,0,NA,NA,NA,NA,NA,NA,0,0,0,35.78,NA,NA,NA,6.46,NA,adult,"16, 258"
PHYLLOSTOMIDAE,Artibeus,Artibeus jamaicensis,59.7,1.8,15,42.98,5.77,37,39.43,2.77,36,NA,NA,0,277,NA,1,6.19,17.49,21.71,0.3,1.87,30.69,2,7,NA,NA,NA,NA,NA,NA,0,0,0,21.71,NA,17.49,NA,6.19,NA,adult,"4, 5, 94, 96, 148, 258"
PHYLLOSTOMIDAE,Artibeus,Artibeus jamaicensis jamaicensis,61.6,2.2,17,45.5,4.9,17,NA,NA,0,NA,NA,0,NA,NA,0,6.05,14.9,41.74,0.34,1.63,NA,17,17,NA,NA,NA,NA,NA,NA,0,0,0,41.74,NA,14.9,NA,6.05,NA,adult,22
PHYLLOSTOMIDAE,Artibeus,Artibeus jamaicensis schwartzi,66.34,1.74,95,59.97,7.34,95,NA,NA,0,NA,NA,0,NA,NA,0,6.22,16.69,42.64,0.41,2.54,NA,95,95,NA,NA,NA,NA,NA,NA,0,0,0,42.64,NA,16.69,NA,6.22,NA,adult,22
PHYLLOSTOMIDAE,Artibeus,Artibeus lituratus,68.3,1.2,10,65.32,4.24,32,45.05,3.02,31,NA,NA,0,330,NA,1,6.25,15.83,36.18,0.28,2.64,8.43,22,2,NA,NA,NA,NA,NA,NA,0,0,0,36.18,NA,15.83,NA,6.25,NA,adult,"4, 16, 94, 96, 148, 258"
PHYLLOSTOMIDAE,Artibeus,Artibeus obscurus,NA,NA,0,NA,NA,0,NA,NA,0,NA,NA,0,NA,NA,0,6.45,NA,38.69,0.23,NA,3.82,31,0,NA,NA,NA,NA,NA,NA,0,0,0,38.69,NA,NA,NA,6.45,NA,adult,"16, 258"
PHYLLOSTOMIDAE,Artibeus,Artibeus planirostris,NA,NA,0,NA,NA,0,NA,NA,0,NA,NA,0,NA,NA,0,6.39,NA,40.18,0.19,NA,2.12,25,0,NA,NA,NA,NA,NA,NA,0,0,0,40.18,NA,NA,NA,6.39,NA,adult,16
PHYLLOSTOMIDAE,Brachyphylla,Brachyphylla cavernarum,NA,NA,0,NA,NA,0,NA,NA,0,NA,NA,0,NA,NA,0,NA,19.3,NA,NA,2,NA,0,5,NA,NA,NA,NA,NA,NA,0,0,0,NA,NA,19.3,NA,NA,NA,adult,"5, 258"
PHYLLOSTOMIDAE,Brachyphylla,Brachyphylla cavernarum intermedia,66.3,1.7,10,46,3.9,10,NA,NA,0,NA,NA,0,NA,NA,0,6.36,13.6,37.96,0.27,0.94,NA,10,10,NA,NA,NA,NA,NA,NA,0,0,0,37.96,NA,13.6,NA,6.36,NA,adult,22
PHYLLOSTOMIDAE,Carollia,Carollia brevicauda,NA,NA,0,15.7,NA,1,26.2,NA,1,NA,NA,0,124,NA,1,6.11,12.4,37,0.24,NA,8.37,23,1,NA,NA,NA,NA,NA,NA,0,0,0,37,NA,12.4,NA,6.11,NA,adult,"4, 16, 258"
PHYLLOSTOMIDAE,Carollia,Carollia castanea,NA,NA,0,12.2,NA,1,NA,NA,0,NA,NA,0,NA,NA,0,5.89,9.5,41.27,NA,NA,NA,1,1,NA,NA,NA,NA,NA,NA,0,0,0,41.27,NA,9.5,NA,5.89,NA,adult,"96, 258"
PHYLLOSTOMIDAE,Carollia,Carollia perspicillata,40.3,0.4,4,21.23,1.86,31,31.43,2.42,30,NA,NA,0,165,NA,1,6.21,11.15,37.36,0.23,0.35,8.31,25,2,NA,NA,NA,NA,NA,NA,0,0,0,37.36,NA,11.15,NA,6.21,NA,adult,"4, 16, 94, 96, 148, 258"
PHYLLOSTOMIDAE,Carollia,Carollia sowelli,NA,NA,0,17.3,1.3,25,28.46,2.38,25,NA,NA,0,NA,NA,0,NA,NA,NA,NA,NA,NA,0,0,NA,NA,NA,NA,NA,NA,0,0,0,NA,NA,NA,NA,NA,NA,adult,94
PHYLLOSTOMIDAE,Centurio,Centurio senex,NA,NA,0,22,NA,1,NA,NA,0,NA,NA,0,NA,NA,0,NA,NA,NA,NA,NA,NA,0,0,NA,NA,NA,NA,NA,NA,0,0,0,NA,NA,NA,NA,NA,NA,adult,"4, 258"
PHYLLOSTOMIDAE,Chiroderma,Chiroderma salvini,46.1,0.9,11,27.91,4.27,11,34.6,0.84,11,NA,NA,0,NA,NA,0,NA,NA,NA,NA,NA,NA,0,0,NA,NA,NA,NA,NA,NA,0,0,0,NA,NA,NA,NA,NA,NA,adult,148
PHYLLOSTOMIDAE,Chiroderma,Chiroderma trinitatum,NA,NA,0,NA,NA,0,NA,NA,0,NA,NA,0,NA,NA,0,6.34,NA,37.46,NA,NA,NA,1,0,NA,NA,NA,NA,NA,NA,0,0,0,37.46,NA,NA,NA,6.34,NA,adult,"16, 258"
PHYLLOSTOMIDAE,Chiroderma,Chiroderma villosum,NA,NA,0,22.95,0.07,2,32,NA,1,NA,NA,0,161,NA,1,6.34,13.41,35.26,0.15,0.83,15.85,7,2,NA,NA,NA,NA,NA,NA,0,0,0,35.26,NA,13.41,NA,6.34,NA,adult,"4, 16, 96, 258"
PHYLLOSTOMIDAE,Choeroniscus,Choeroniscus godmani,NA,NA,0,8.4,NA,1,23.8,NA,1,NA,NA,0,88,NA,1,6.4,9.4,0,NA,NA,NA,1,1,NA,NA,NA,NA,NA,NA,0,0,0,0,NA,9.4,NA,6.4,NA,adult,"4, 258"
PHYLLOSTOMIDAE,Choeroniscus,Choeroniscus minor,NA,NA,0,8.8,NA,1,22.7,NA,1,NA,NA,0,83,NA,1,6.7,10.4,36.4,0.28,NA,11.72,12,1,NA,NA,NA,NA,NA,NA,0,0,0,36.4,NA,10.4,NA,6.7,NA,adult,"4, 16, 258"
PHYLLOSTOMIDAE,Choeronycteris,Choeronycteris mexicana,NA,NA,0,18.2,NA,1,30,NA,1,NA,NA,0,130,NA,1,6.9,13.7,0.01,NA,NA,NA,1,1,NA,NA,NA,NA,NA,NA,0,0,0,0.01,NA,13.7,NA,6.9,NA,adult,"4, 258"
PHYLLOSTOMIDAE,Chrotopterus,Chrotopterus auritus,NA,NA,0,80.9,NA,1,53.9,NA,1,NA,NA,0,532,NA,1,5.59,14.9,13.68,0.13,NA,19.34,2,1,NA,NA,NA,NA,NA,NA,0,0,0,13.68,NA,14.9,NA,5.59,NA,adult,"4, 16, 258"
PHYLLOSTOMIDAE,Dermanura,Dermanura gnoma,NA,NA,0,NA,NA,0,NA,NA,0,NA,NA,0,NA,NA,0,6.05,NA,36.54,0.2,NA,1.66,3,0,NA,NA,NA,NA,NA,NA,0,0,0,36.54,NA,NA,NA,6.05,NA,adult,16
PHYLLOSTOMIDAE,Dermanura,Dermanura phaeotis,NA,NA,0,11.8,1.98,2,25.8,NA,1,NA,NA,0,106,NA,1,6.25,9.9,21.6,0.08,0.43,30.54,2,2,NA,NA,NA,NA,NA,NA,0,0,0,21.6,NA,9.9,NA,6.25,NA,adult,"4, 96"
PHYLLOSTOMIDAE,Dermanura,Dermanura tolteca,37,0.6,2,21.5,5.5,2,25.39,0.23,2,NA,NA,0,NA,NA,0,NA,NA,NA,NA,NA,NA,0,0,NA,NA,NA,NA,NA,NA,0,0,0,NA,NA,NA,NA,NA,NA,adult,148
PHYLLOSTOMIDAE,Dermanura,Dermanura watsoni,NA,NA,0,12.1,NA,1,NA,NA,0,NA,NA,0,NA,NA,0,6.28,8.17,35.58,NA,NA,NA,1,1,NA,NA,NA,NA,NA,NA,0,0,0,35.58,NA,8.17,NA,6.28,NA,adult,96
PHYLLOSTOMIDAE,Desmodus,Desmodus rotundus,55.7,2.6,10,36.5,9.98,12,36.16,1.34,12,NA,NA,0,183.62,23.17,2,6.73,16.8,37.39,0.3,3.97,13.37,19,2,NA,NA,NA,NA,NA,NA,0,0,0,37.39,NA,16.8,NA,6.73,NA,adult,"4, 6, 16, 148, 258"
PHYLLOSTOMIDAE,Diaemus,Diaemus youngi,NA,NA,0,36.1,NA,1,41.9,NA,1,NA,NA,0,206,NA,1,8.5,17.2,0.01,NA,NA,NA,1,1,NA,NA,NA,NA,NA,NA,0,0,0,0.01,NA,17.2,NA,8.5,NA,adult,"4, 258"
PHYLLOSTOMIDAE,Diphylla,Diphylla ecaudata,NA,NA,0,32.9,NA,1,35.6,NA,1,NA,NA,0,190,NA,1,6.7,16.5,0.01,NA,NA,NA,1,1,NA,NA,NA,NA,NA,NA,0,0,0,0.01,NA,16.5,NA,6.7,NA,adult,"4, 258"
PHYLLOSTOMIDAE,Erophylla,Erophylla bombifrons bombifrons,48.2,1.7,17,16.3,2.6,17,NA,NA,0,NA,NA,0,NA,NA,0,6.23,9.57,37.74,0.38,1.42,NA,17,17,NA,NA,NA,NA,NA,NA,0,0,0,37.74,NA,9.57,NA,6.23,NA,adult,22
PHYLLOSTOMIDAE,Erophylla,Erophylla sezekorni,NA,NA,0,16.3,NA,1,27.3,NA,1,NA,NA,0,122,NA,1,6.1,11.58,0.01,NA,1.21,NA,1,5,NA,NA,NA,NA,NA,NA,0,0,0,0.01,NA,11.58,NA,6.1,NA,adult,"4, 5, 258"
PHYLLOSTOMIDAE,Gardnerycteris,Gardnerycteris crenulatum,NA,NA,0,14.8,0,2,38.6,NA,1,NA,NA,0,179,NA,1,6.53,8.02,26.4,0.44,0.11,6.08,23,2,NA,NA,NA,NA,NA,NA,0,0,0,26.4,NA,8.02,NA,6.53,NA,adult,"4, 16, 96"
PHYLLOSTOMIDAE,Glossophaga,Glossophaga longirostris,38,1,23,12,1,23,21.2,NA,1,NA,NA,0,NA,NA,0,NA,NA,NA,NA,NA,NA,0,0,NA,NA,NA,NA,NA,NA,0,0,0,NA,NA,NA,NA,NA,NA,adult,"4, 230, 258"
PHYLLOSTOMIDAE,Glossophaga,Glossophaga longirostris rostrata,38.5,1,51,11.9,1.1,51,NA,NA,0,NA,NA,0,NA,NA,0,6.44,9.34,40.91,0.57,1,NA,51,51,NA,NA,NA,NA,NA,NA,0,0,0,40.91,NA,9.34,NA,6.44,NA,adult,22
PHYLLOSTOMIDAE,Glossophaga,Glossophaga soricina,36,1,12,11.05,NA,21,24.17,NA,20,NA,NA,0,99,NA,1,6.47,9.65,41.01,0.13,1.2,8.17,30,2,NA,NA,NA,NA,NA,NA,0,0,0,41.01,NA,9.65,NA,6.47,NA,adult,"4, 8, 14, 16, 96, 148, 258"
PHYLLOSTOMIDAE,Glossophaga,Glossophaga soricina antillarum,NA,NA,0,10.2,NA,1,27.3,NA,1,NA,NA,0,NA,NA,0,6.6,8.8,40.58,NA,NA,NA,1,1,NA,NA,NA,NA,NA,NA,0,0,0,40.58,NA,8.8,NA,6.6,NA,adult,245
PHYLLOSTOMIDAE,Glyphonycteris,Glyphonycteris daviesi,NA,NA,0,NA,NA,0,NA,NA,0,NA,NA,0,NA,NA,0,6.24,NA,27.58,NA,NA,NA,1,0,NA,NA,NA,NA,NA,NA,0,0,0,27.58,NA,NA,NA,6.24,NA,adult,"16, 258"
PHYLLOSTOMIDAE,Lampronycteris,Lampronycteris brachyotis,NA,NA,0,14.5,NA,1,NA,NA,0,NA,NA,0,NA,NA,0,6,10.77,42.8,0.34,NA,1.96,2,1,NA,NA,NA,NA,NA,NA,0,0,0,42.8,NA,10.77,NA,6,NA,adult,"16, 96, 258"
PHYLLOSTOMIDAE,Leptonycteris,Leptonycteris nivalis,NA,NA,0,33.8,NA,1,41,NA,1,NA,NA,0,NA,NA,0,NA,NA,NA,NA,NA,NA,0,0,NA,NA,NA,NA,NA,NA,0,0,0,NA,NA,NA,NA,NA,NA,adult,"4, 258"
PHYLLOSTOMIDAE,Leptonycteris,Leptonycteris yerbabuenae,51,4.5,7,24.07,NA,12,32.62,NA,12,NA,NA,0,180,NA,1,5.9,10.6,0,NA,NA,NA,1,1,NA,NA,NA,NA,NA,NA,0,0,0,0,NA,10.6,NA,5.9,NA,adult,"4, 8, 14, 148, 258"
PHYLLOSTOMIDAE,Lichonycteris,Lichonycteris degener,NA,NA,0,NA,NA,0,NA,NA,0,NA,NA,0,NA,NA,0,6.68,NA,43.73,0.31,NA,3.06,7,0,NA,NA,NA,NA,NA,NA,0,0,0,43.73,NA,NA,NA,6.68,NA,adult,16
PHYLLOSTOMIDAE,Lichonycteris,Lichonycteris obscura,NA,NA,0,6.5,NA,1,22.4,NA,1,NA,NA,0,76,NA,1,6.6,8.4,0,NA,NA,NA,1,1,NA,NA,NA,NA,NA,NA,0,0,0,0,NA,8.4,NA,6.6,NA,adult,"4, 258"
PHYLLOSTOMIDAE,Lonchophylla,Lonchophylla thomasi,NA,NA,0,NA,NA,0,NA,NA,0,NA,NA,0,NA,NA,0,6.35,NA,41.08,0.08,NA,4.45,3,0,NA,NA,NA,NA,NA,NA,0,0,0,41.08,NA,NA,NA,6.35,NA,adult,"16, 258"
PHYLLOSTOMIDAE,Lophostoma,Lophostoma brasiliense,NA,NA,0,NA,NA,0,NA,NA,0,NA,NA,0,NA,NA,0,5.09,NA,38.44,0.1,NA,2.96,7,0,NA,NA,NA,NA,NA,NA,0,0,0,38.44,NA,NA,NA,5.09,NA,adult,"16, 258"
PHYLLOSTOMIDAE,Lophostoma,Lophostoma carrikeri,NA,NA,0,NA,NA,0,NA,NA,0,NA,NA,0,NA,NA,0,5.48,NA,42.8,NA,NA,NA,1,0,NA,NA,NA,NA,NA,NA,0,0,0,42.8,NA,NA,NA,5.48,NA,adult,"16, 258"
PHYLLOSTOMIDAE,Lophostoma,Lophostoma silvicolum,NA,NA,0,31.5,NA,1,NA,NA,0,NA,NA,0,NA,NA,0,5.28,10.57,33.55,0.21,NA,3.25,25,1,NA,NA,NA,NA,NA,NA,0,0,0,33.55,NA,10.57,NA,5.28,NA,adult,"16, 96, 258"
PHYLLOSTOMIDAE,Macrophyllum,Macrophyllum macrophyllum,34.36,1.07,11,8.89,0.71,11,NA,NA,0,NA,NA,0,NA,NA,0,NA,NA,NA,NA,NA,NA,0,0,NA,NA,NA,NA,NA,NA,0,0,0,NA,NA,NA,NA,NA,NA,adult,"107, 258"
PHYLLOSTOMIDAE,Macrotus,Macrotus californicus,NA,NA,0,14.1,NA,1,29.5,NA,1,NA,NA,0,136,NA,1,6.4,10.2,0,NA,NA,NA,1,1,NA,NA,NA,NA,NA,NA,0,0,0,0,NA,10.2,NA,6.4,NA,adult,"4, 258"
PHYLLOSTOMIDAE,Macrotus,Macrotus waterhousii,53.19,1.13,20,20.26,2.97,21,34,NA,1,NA,NA,0,128,NA,1,9,7.3,0,NA,NA,NA,1,1,NA,NA,NA,NA,NA,NA,0,0,0,0,NA,7.3,NA,9,NA,adult,"4, 143, 258"
PHYLLOSTOMIDAE,Mesophylla,Mesophylla macconnelli,NA,NA,0,NA,NA,0,NA,NA,0,NA,NA,0,NA,NA,0,6.19,NA,43.91,0.21,NA,1.99,5,0,NA,NA,NA,NA,NA,NA,0,0,0,43.91,NA,NA,NA,6.19,NA,adult,"16, 258"
PHYLLOSTOMIDAE,Micronycteris,Micronycteris hirsuta,NA,NA,0,14.6,NA,1,NA,NA,0,NA,NA,0,NA,NA,0,5.62,9.19,35.68,0.33,NA,2.73,2,1,NA,NA,NA,NA,NA,NA,0,0,0,35.68,NA,9.19,NA,5.62,NA,adult,"16, 96, 258"
PHYLLOSTOMIDAE,Micronycteris,Micronycteris megalotis,NA,NA,0,7.1,NA,1,23.1,NA,1,NA,NA,0,95,NA,1,5.67,7.3,16.91,0.1,NA,23.91,2,1,NA,NA,NA,NA,NA,NA,0,0,0,16.91,NA,7.3,NA,5.67,NA,adult,"4, 16, 258"
PHYLLOSTOMIDAE,Micronycteris,Micronycteris microtis,NA,NA,0,6.1,NA,1,NA,NA,0,NA,NA,0,NA,NA,0,5.73,6.27,34.29,NA,NA,NA,1,1,NA,NA,NA,NA,NA,NA,0,0,0,34.29,NA,6.27,NA,5.73,NA,adult,96
PHYLLOSTOMIDAE,Micronycteris,Micronycteris minuta,NA,NA,0,NA,NA,0,NA,NA,0,NA,NA,0,NA,NA,0,5.81,NA,41,NA,NA,NA,1,0,NA,NA,NA,NA,NA,NA,0,0,0,41,NA,NA,NA,5.81,NA,adult,"16, 258"
PHYLLOSTOMIDAE,Micronycteris,Micronycteris schmidtorum,NA,NA,0,NA,NA,0,NA,NA,0,NA,NA,0,NA,NA,0,5.72,NA,41.1,0.21,NA,2.49,2,0,NA,NA,NA,NA,NA,NA,0,0,0,41.1,NA,NA,NA,5.72,NA,adult,"16, 258"
PHYLLOSTOMIDAE,Monophyllus,Monophyllus plethodon luciae,41.94,1,29,15.18,1.34,29,NA,NA,0,NA,NA,0,NA,NA,0,6.44,11.3,45.62,0.41,0.83,NA,29,29,NA,NA,NA,NA,NA,NA,0,0,0,45.62,NA,11.3,NA,6.44,NA,adult,22
PHYLLOSTOMIDAE,Monophyllus,Monophyllus redmani,NA,NA,0,NA,NA,0,NA,NA,0,NA,NA,0,NA,NA,0,NA,10.5,NA,NA,1,NA,0,9,NA,NA,NA,NA,NA,NA,0,0,0,NA,NA,10.5,NA,NA,NA,adult,"5, 258"
PHYLLOSTOMIDAE,Phylloderma,Phylloderma stenops,NA,NA,0,63.6,NA,1,NA,NA,0,NA,NA,0,NA,NA,0,6.27,15.24,32.37,0.22,NA,4.15,4,1,NA,NA,NA,NA,NA,NA,0,0,0,32.37,NA,15.24,NA,6.27,NA,adult,"16, 96, 258"
PHYLLOSTOMIDAE,Phyllonycteris,Phyllonycteris poeyi,47.06,NA,226,20.94,NA,226,29.38,1.41,30,NA,NA,0,NA,NA,0,NA,NA,NA,NA,NA,NA,0,0,NA,NA,NA,NA,NA,NA,0,0,0,NA,NA,NA,NA,NA,NA,adult,"153, 258"
PHYLLOSTOMIDAE,Phyllostomus,Phyllostomus discolor,NA,NA,0,42.2,NA,1,41.6,NA,1,NA,NA,0,262,NA,1,6.92,15.8,38.74,0.23,NA,8.9,25,1,NA,NA,NA,NA,NA,NA,0,0,0,38.74,NA,15.8,NA,6.92,NA,adult,"4, 16, 258"
PHYLLOSTOMIDAE,Phyllostomus,Phyllostomus elongatus,NA,NA,0,NA,NA,0,NA,NA,0,NA,NA,0,NA,NA,0,6.61,NA,34.03,0.21,NA,2.76,23,0,NA,NA,NA,NA,NA,NA,0,0,0,34.03,NA,NA,NA,6.61,NA,adult,"16, 258"
PHYLLOSTOMIDAE,Phyllostomus,Phyllostomus hastatus,NA,NA,0,116,12.73,2,56.2,NA,1,NA,NA,0,417,NA,1,7.15,22.55,29.97,0.31,3.74,16.92,5,2,NA,NA,NA,NA,NA,NA,0,0,0,29.97,NA,22.55,NA,7.15,NA,adult,"4, 16, 96, 258"
PHYLLOSTOMIDAE,Platyrrhinus,Platyrrhinus helleri,NA,NA,0,13.75,0.64,2,27,NA,1,NA,NA,0,114,NA,1,6.62,11.38,39.78,0.65,0.03,14.34,10,2,NA,NA,NA,NA,NA,NA,0,0,0,39.78,NA,11.38,NA,6.62,NA,adult,"4, 16, 96, 258"
PHYLLOSTOMIDAE,Rhinophylla,Rhinophylla fischerae,NA,NA,0,NA,NA,0,NA,NA,0,NA,NA,0,NA,NA,0,6.23,NA,39.57,0.23,NA,3.45,24,0,NA,NA,NA,NA,NA,NA,0,0,0,39.57,NA,NA,NA,6.23,NA,adult,"16, 258"
PHYLLOSTOMIDAE,Rhinophylla,Rhinophylla pumilio,NA,NA,0,NA,NA,0,NA,NA,0,NA,NA,0,NA,NA,0,6.21,NA,38.86,0.3,NA,3.9,8,0,NA,NA,NA,NA,NA,NA,0,0,0,38.86,NA,NA,NA,6.21,NA,adult,"16, 258"
PHYLLOSTOMIDAE,Stenoderma,Stenoderma rufum,NA,NA,0,22.3,NA,1,26.6,NA,1,NA,NA,0,120,NA,1,5.9,18.2,0.01,NA,NA,NA,1,1,NA,NA,NA,NA,NA,NA,0,0,0,0.01,NA,18.2,NA,5.9,NA,adult,"4, 258"
PHYLLOSTOMIDAE,Stenoderma,Stenoderma rufum darioi,49,0.8,4,24.3,3.4,4,NA,NA,0,NA,NA,0,NA,NA,0,6.43,11.56,39.91,0.27,1.68,NA,4,4,NA,NA,NA,NA,NA,NA,0,0,0,39.91,NA,11.56,NA,6.43,NA,adult,22
PHYLLOSTOMIDAE,Sturnira,Sturnira hondurensis,39.7,1.2,15,19.53,2.47,15,26.83,1.78,15,NA,NA,0,NA,NA,0,NA,NA,NA,NA,NA,NA,0,0,NA,NA,NA,NA,NA,NA,0,0,0,NA,NA,NA,NA,NA,NA,adult,148
PHYLLOSTOMIDAE,Sturnira,Sturnira lilium,44.3,0.6,11,20.59,1.96,12,28.1,NA,1,NA,NA,0,121,NA,1,6.16,11.65,42.02,0.25,0.67,NA,26,12,NA,NA,NA,NA,NA,NA,0,0,0,42.02,NA,11.65,NA,6.16,NA,adult,"4, 16, 22, 258"
PHYLLOSTOMIDAE,Sturnira,Sturnira lilium paulsoni,42.7,3.1,11,19.4,2.7,11,NA,NA,0,NA,NA,0,NA,NA,0,6.32,11.59,43.13,0.59,1.08,NA,11,11,NA,NA,NA,NA,NA,NA,0,0,0,43.13,NA,11.59,NA,6.32,NA,adult,22
PHYLLOSTOMIDAE,Sturnira,Sturnira ludovici,NA,NA,0,17.3,NA,1,29.5,NA,1,NA,NA,0,132,NA,1,6.6,12.9,0,NA,NA,NA,1,1,NA,NA,NA,NA,NA,NA,0,0,0,0,NA,12.9,NA,6.6,NA,adult,"4, 258"
PHYLLOSTOMIDAE,Sturnira,Sturnira parvidens,37.3,2.5,15,17.33,2.7,15,28.09,1.79,15,NA,NA,0,NA,NA,0,NA,NA,NA,NA,NA,NA,0,0,NA,NA,NA,NA,NA,NA,0,0,0,NA,NA,NA,NA,NA,NA,adult,148
PHYLLOSTOMIDAE,Tonatia,Tonatia saurophila,NA,NA,0,33.8,NA,1,NA,NA,0,NA,NA,0,NA,NA,0,5.9,10.6,30.52,0.18,NA,1.84,24,1,NA,NA,NA,NA,NA,NA,0,0,0,30.52,NA,10.6,NA,5.9,NA,adult,"16, 96"
PHYLLOSTOMIDAE,Trachops,Trachops cirrhosus,NA,NA,0,37.45,8.98,2,42.2,NA,1,NA,NA,0,281,NA,1,5.97,13.63,24.73,0.28,2.36,21.44,3,2,NA,NA,NA,NA,NA,NA,0,0,0,24.73,NA,13.63,NA,5.97,NA,adult,"4, 16, 96, 258"
PHYLLOSTOMIDAE,Trinycteris,Trinycteris nicefori,NA,NA,0,NA,NA,0,NA,NA,0,NA,NA,0,NA,NA,0,6.28,NA,36.87,0.25,NA,2.99,21,0,NA,NA,NA,NA,NA,NA,0,0,0,36.87,NA,NA,NA,6.28,NA,adult,"16, 258"
PHYLLOSTOMIDAE,Uroderma,Uroderma bilobatum,NA,NA,0,16.3,1.27,2,30.7,NA,1,NA,NA,0,150,NA,1,6.3,10.83,39.87,0.18,1.04,8.95,24,2,NA,NA,NA,NA,NA,NA,0,0,0,39.87,NA,10.83,NA,6.3,NA,adult,"4, 16, 96, 258"
PHYLLOSTOMIDAE,Uroderma,Uroderma magnirostrum,NA,NA,0,NA,NA,0,NA,NA,0,NA,NA,0,NA,NA,0,6.42,NA,40.79,0.14,NA,2.45,25,0,NA,NA,NA,NA,NA,NA,0,0,0,40.79,NA,NA,NA,6.42,NA,adult,"16, 258"
PHYLLOSTOMIDAE,Vampyressa,Vampyressa pusilla,NA,NA,0,7.9,NA,1,NA,NA,0,NA,NA,0,NA,NA,0,5.88,10.97,55.08,NA,NA,NA,1,1,NA,NA,NA,NA,NA,NA,0,0,0,55.08,NA,10.97,NA,5.88,NA,adult,"96, 258"
PHYLLOSTOMIDAE,Vampyriscus,Vampyriscus bidens,NA,NA,0,NA,NA,0,NA,NA,0,NA,NA,0,NA,NA,0,6.38,NA,43.81,0.15,NA,4.04,14,0,NA,NA,NA,NA,NA,NA,0,0,0,43.81,NA,NA,NA,6.38,NA,adult,16
PHYLLOSTOMIDAE,Vampyriscus,Vampyriscus nymphaea,NA,NA,0,13.4,NA,1,NA,NA,0,NA,NA,0,NA,NA,0,5.93,11.54,48.59,NA,NA,NA,1,1,NA,NA,NA,NA,NA,NA,0,0,0,48.59,NA,11.54,NA,5.93,NA,adult,96
PHYLLOSTOMIDAE,Vampyrodes,Vampyrodes caraccioli,NA,NA,0,37.55,1.06,2,41.1,NA,1,NA,NA,0,260,NA,1,6.4,15.69,25.38,0.14,1.68,35.89,2,2,NA,NA,NA,NA,NA,NA,0,0,0,25.38,NA,15.69,NA,6.4,NA,adult,"4, 96, 258"
PHYLLOSTOMIDAE,Vampyrum,Vampyrum spectrum,NA,NA,0,158,NA,1,67.6,NA,1,NA,NA,0,844,NA,1,5.27,18.4,10.02,0.18,NA,14.17,2,1,NA,NA,NA,NA,NA,NA,0,0,0,10.02,NA,18.4,NA,5.27,NA,adult,"4, 16, 258"
PTEROPODIDAE,Acerodon,Acerodon mackloti,NA,NA,0,518,NA,1,102,NA,1,NA,NA,0,NA,NA,0,NA,NA,NA,NA,NA,NA,0,0,NA,NA,NA,NA,NA,NA,0,0,0,NA,NA,NA,NA,NA,NA,adult,"4, 258"
PTEROPODIDAE,Balionycteris,Balionycteris maculata,NA,NA,0,13.42,0.88,21,28.49,1.3,21,NA,NA,0,137.62,11.09,21,5.92,0.54,0,NA,2.49,NA,21,21,NA,NA,NA,NA,NA,NA,0,0,0,0,NA,0.54,NA,5.92,NA,adult,"4, 31, 258"
PTEROPODIDAE,Chironax,Chironax melanocephalus,NA,NA,0,18.4,2.1,16,31.19,0.98,16,NA,NA,0,162.5,9.8,16,5.99,0,0,NA,NA,NA,16,16,NA,NA,NA,NA,NA,NA,0,0,0,0,NA,0,NA,5.99,NA,adult,"31, 258"
PTEROPODIDAE,Cynopterus,Cynopterus brachyotis,62.42,2.37,51,31.59,NA,96,39.06,NA,96,260.54,NA,64,228.99,19.21,29,6.12,0.45,1.28,NA,2.43,6.99,30,29,6.1,12.6,0,NA,NA,NA,64,64,64,1.28,0,0.45,12.6,6.12,6.1,adult,"4, 8, 30, 31, 45, 85, 258"
PTEROPODIDAE,Cynopterus,Cynopterus horsfieldii,73.24,1.79,27,57.36,5.66,39,46.44,1.89,39,360,20,31,353.89,44.75,8,6.08,2.15,0,NA,6.08,NA,8,8,6.08,15.98,0,0.19,1.26,NA,31,31,31,0,0,2.15,15.98,6.08,6.08,adult,"4, 31, 85, 258"
PTEROPODIDAE,Cynopterus,Cynopterus sphinx,68.65,1.52,23,46.66,3.31,36,43.34,1.29,36,300,20,31,339.6,52.5,5,5.74,13.34,0,0.6,1.42,NA,5,5,6.24,15.37,0,0.19,1.04,NA,31,31,31,0,0,13.34,15.37,5.74,6.24,adult,"4, 25, 85, 258"
PTEROPODIDAE,Dobsonia,Dobsonia moluccensis,NA,NA,0,378,NA,1,85.2,NA,1,NA,NA,0,1060,NA,1,6.8,34.9,0,NA,NA,NA,1,1,NA,NA,NA,NA,NA,NA,0,0,0,0,NA,34.9,NA,6.8,NA,adult,"4, 258"
PTEROPODIDAE,Dobsonia,Dobsonia peronii,NA,NA,0,224,NA,1,77.8,NA,1,NA,NA,0,NA,NA,0,NA,NA,NA,NA,NA,NA,0,0,NA,NA,NA,NA,NA,NA,0,0,0,NA,NA,NA,NA,NA,NA,adult,"4, 258"
PTEROPODIDAE,Dobsonia,Dobsonia viridis,NA,NA,0,238,NA,1,77,NA,1,NA,NA,0,884,NA,1,6.7,26.4,0,NA,NA,NA,1,1,NA,NA,NA,NA,NA,NA,0,0,0,0,NA,26.4,NA,6.7,NA,adult,"4, 258"
PTEROPODIDAE,Dyacopterus,Dyacopterus spadiceus,NA,NA,0,75.7,10.1,10,48.52,2.82,10,NA,NA,0,377.3,33.9,10,6.24,0,0,NA,NA,NA,10,10,NA,NA,NA,NA,NA,NA,0,0,0,0,NA,0,NA,6.24,NA,adult,"31, 258"
PTEROPODIDAE,Eidolon,Eidolon helvum,NA,NA,0,288.33,NA,6,81.17,NA,6,1087.41,NA,5,879,NA,1,6.9,30.6,0,NA,NA,NA,1,1,6.18,26.27,0,NA,NA,NA,5,5,5,0,0,30.6,26.27,6.9,6.18,adult,"4, 45, 258"
PTEROPODIDAE,Eonycteris,Eonycteris spelaea,NA,NA,0,65.66,13.22,29,44.75,2.67,28,NA,NA,0,339.29,56.31,28,5.96,11.95,0,NA,9.86,NA,28,28,NA,NA,NA,NA,NA,NA,0,0,0,0,NA,11.95,NA,5.96,NA,adult,"4, 25, 31, 156, 258"
PTEROPODIDAE,Epomophorus,Epomophorus gambianus,NA,NA,0,158,NA,1,58.4,NA,1,NA,NA,0,575,NA,1,5.9,27,0,NA,NA,NA,1,1,NA,NA,NA,NA,NA,NA,0,0,0,0,NA,27,NA,5.9,NA,adult,"4, 258"
PTEROPODIDAE,Epomophorus,Epomophorus labiatus,NA,NA,0,61.7,15.98,2,43.77,4.33,3,NA,NA,0,298.5,12.02,2,5.9,20.65,0.01,0.14,3.75,0,2,2,NA,NA,NA,NA,NA,NA,0,0,0,0.01,NA,20.65,NA,5.9,NA,adult,"4, 220, 258"
PTEROPODIDAE,Epomophorus,Epomophorus minor,NA,NA,0,67,NA,1,NA,NA,0,NA,NA,0,240,NA,1,NA,27.4,0.01,NA,NA,NA,0,1,NA,NA,NA,NA,NA,NA,0,0,0,0.01,NA,27.4,NA,NA,NA,adult,"4, 258"
PTEROPODIDAE,Epomophorus,Epomophorus wahlbergi,NA,NA,0,NA,NA,0,52,NA,1,NA,NA,0,NA,NA,0,NA,NA,NA,NA,NA,NA,0,0,NA,NA,NA,NA,NA,NA,0,0,0,NA,NA,NA,NA,NA,NA,adult,"4, 258"
PTEROPODIDAE,Epomops,Epomops franqueti,NA,NA,0,109,NA,1,60,NA,1,NA,NA,0,552,NA,1,6.5,19.4,0,NA,NA,NA,1,1,NA,NA,NA,NA,NA,NA,0,0,0,0,NA,19.4,NA,6.5,NA,adult,"4, 258"
PTEROPODIDAE,Harpyionycteris,Harpyionycteris celebensis,NA,NA,0,104,NA,1,56.6,NA,1,NA,NA,0,529,NA,1,6.1,19.3,0,NA,NA,NA,1,1,NA,NA,NA,NA,NA,NA,0,0,0,0,NA,19.3,NA,6.1,NA,adult,"4, 258"
PTEROPODIDAE,Hypsignathus,Hypsignathus monstrosus,NA,NA,0,427,NA,1,88.2,NA,1,NA,NA,0,1150,NA,1,6.7,36.3,0,NA,NA,NA,1,1,NA,NA,NA,NA,NA,NA,0,0,0,0,NA,36.3,NA,6.7,NA,adult,"4, 258"
PTEROPODIDAE,Macroglossus,Macroglossus minimus,NA,NA,0,13.5,NA,1,26.4,NA,1,NA,NA,0,108,NA,1,6.5,12.3,0.01,NA,NA,NA,1,1,NA,NA,NA,NA,NA,NA,0,0,0,0.01,NA,12.3,NA,6.5,NA,adult,"4, 258"
PTEROPODIDAE,Macroglossus,Macroglossus sobrinus,NA,NA,0,NA,NA,0,NA,NA,0,NA,NA,0,NA,NA,0,NA,NA,NA,NA,NA,NA,0,0,NA,NA,NA,NA,NA,NA,0,0,0,NA,NA,NA,NA,NA,NA,adult,"4, 258"
PTEROPODIDAE,Megaerops,Megaerops ecaudatus,NA,NA,0,23.4,3.1,17,35.08,1.74,17,NA,NA,0,201.6,14.3,17,6.1,0,0,NA,NA,NA,17,17,NA,NA,NA,NA,NA,NA,0,0,0,0,NA,0,NA,6.1,NA,adult,"31, 258"
PTEROPODIDAE,Megaloglossus,Megaloglossus woermanni,NA,NA,0,NA,NA,0,24.1,NA,1,NA,NA,0,NA,NA,0,NA,NA,NA,NA,NA,NA,0,0,NA,NA,NA,NA,NA,NA,0,0,0,NA,NA,NA,NA,NA,NA,adult,"4, 258"
PTEROPODIDAE,Micropteropus,Micropteropus pusillus,NA,NA,0,21.1,NA,1,37.8,NA,1,NA,NA,0,164,NA,1,8.7,12.6,0,NA,NA,NA,1,1,NA,NA,NA,NA,NA,NA,0,0,0,0,NA,12.6,NA,8.7,NA,adult,"4, 258"
PTEROPODIDAE,Myonycteris,Myonycteris torquata,NA,NA,0,NA,NA,0,29.2,NA,1,NA,NA,0,NA,NA,0,NA,NA,NA,NA,NA,NA,0,0,NA,NA,NA,NA,NA,NA,0,0,0,NA,NA,NA,NA,NA,NA,adult,"4, 258"
PTEROPODIDAE,Nanonycteris,Nanonycteris veldkampii,NA,NA,0,NA,NA,0,17.8,NA,1,NA,NA,0,NA,NA,0,NA,NA,NA,NA,NA,NA,0,0,NA,NA,NA,NA,NA,NA,0,0,0,NA,NA,NA,NA,NA,NA,adult,"4, 258"
PTEROPODIDAE,Notopteris,Notopteris macdonaldi,NA,NA,0,45,NA,1,40.7,NA,1,NA,NA,0,270,NA,1,6.1,16.3,0,NA,NA,NA,1,1,NA,NA,NA,NA,NA,NA,0,0,0,0,NA,16.3,NA,6.1,NA,adult,"4, 258"
PTEROPODIDAE,Nyctimene,Nyctimene aello,NA,NA,0,89,NA,1,54.2,NA,1,NA,NA,0,473,NA,1,6.2,18.5,0,NA,NA,NA,1,1,NA,NA,NA,NA,NA,NA,0,0,0,0,NA,18.5,NA,6.2,NA,adult,"4, 258"
PTEROPODIDAE,Nyctimene,Nyctimene albiventer,NA,NA,0,31,NA,1,38.2,NA,1,NA,NA,0,232,NA,1,6.3,13.1,0,NA,NA,NA,1,1,NA,NA,NA,NA,NA,NA,0,0,0,0,NA,13.1,NA,6.3,NA,adult,"4, 258"
PTEROPODIDAE,Nyctimene,Nyctimene cephalotes,NA,NA,0,47,NA,1,44,NA,1,NA,NA,0,314,NA,1,6.2,14.7,0,NA,NA,NA,1,1,NA,NA,NA,NA,NA,NA,0,0,0,0,NA,14.7,NA,6.2,NA,adult,"4, 258"
PTEROPODIDAE,Nyctimene,Nyctimene robinsoni,NA,NA,0,46.4,NA,1,40,NA,1,NA,NA,0,284,NA,1,5.6,16,0,NA,NA,NA,1,1,NA,NA,NA,NA,NA,NA,0,0,0,0,NA,16,NA,5.6,NA,adult,"4, 258"
PTEROPODIDAE,Paranyctimene,Paranyctimene raptor,NA,NA,0,22,NA,1,33.1,NA,1,NA,NA,0,190,NA,1,5.8,11.4,0,NA,NA,NA,1,1,NA,NA,NA,NA,NA,NA,0,0,0,0,NA,11.4,NA,5.8,NA,adult,"4, 258"
PTEROPODIDAE,Ptenochirus,Ptenochirus jagori,NA,NA,0,74.2,NA,1,NA,NA,0,NA,NA,0,NA,NA,0,NA,NA,NA,NA,NA,NA,0,0,NA,NA,NA,NA,NA,NA,0,0,0,NA,NA,NA,NA,NA,NA,adult,"156, 258"
PTEROPODIDAE,Pteropus,Pteropus alecto,NA,NA,0,780,NA,1,119,NA,1,NA,NA,0,NA,NA,0,NA,NA,NA,NA,NA,NA,0,0,NA,NA,NA,NA,NA,NA,0,0,0,NA,NA,NA,NA,NA,NA,adult,"4, 258"
PTEROPODIDAE,Pteropus,Pteropus giganteus,NA,NA,0,1180,NA,1,125,NA,1,NA,NA,0,NA,NA,0,NA,NA,NA,NA,NA,NA,0,0,NA,NA,NA,NA,NA,NA,0,0,0,NA,NA,NA,NA,NA,NA,adult,"4, 258"
PTEROPODIDAE,Pteropus,Pteropus griseus,NA,NA,0,270,NA,1,84.4,NA,1,NA,NA,0,NA,NA,0,NA,NA,NA,NA,NA,NA,0,0,NA,NA,NA,NA,NA,NA,0,0,0,NA,NA,NA,NA,NA,NA,adult,4
PTEROPODIDAE,Pteropus,Pteropus hypomelanus,NA,NA,0,480.4,NA,5,104.59,NA,5,1899.66,NA,5,NA,NA,0,NA,NA,NA,NA,NA,NA,0,0,5.79,24.92,0,NA,NA,NA,5,5,5,NA,0,NA,24.92,NA,5.79,adult,"45, 258"
PTEROPODIDAE,Pteropus,Pteropus livingstonii,NA,NA,0,645,84,4,126.5,1.9,4,NA,NA,0,2450,110,4,6.53,5.16,0.61,NA,11.54,1.36,5,5,NA,NA,NA,NA,NA,NA,0,0,0,0.61,NA,5.16,NA,6.53,NA,adult,"109, 258"
PTEROPODIDAE,Pteropus,Pteropus mariannus,NA,NA,0,457,NA,1,98,NA,1,NA,NA,0,NA,NA,0,NA,NA,NA,NA,NA,NA,0,0,NA,NA,NA,NA,NA,NA,0,0,0,NA,NA,NA,NA,NA,NA,adult,"4, 258"
PTEROPODIDAE,Pteropus,Pteropus poliocephalus,NA,NA,0,770,NA,1,114,NA,1,NA,NA,0,NA,NA,0,NA,NA,NA,NA,NA,NA,0,0,NA,NA,NA,NA,NA,NA,0,0,0,NA,NA,NA,NA,NA,NA,adult,"4, 258"
PTEROPODIDAE,Pteropus,Pteropus pumilus,NA,NA,0,190.4,NA,5,73.47,NA,5,940.81,NA,5,NA,NA,0,NA,NA,NA,NA,NA,NA,0,0,5.75,19.89,0,NA,NA,NA,5,5,5,NA,0,NA,19.89,NA,5.75,adult,"45, 258"
PTEROPODIDAE,Pteropus,Pteropus samoensis,NA,NA,0,379,40,7,86.1,4,7,1130,100,7,NA,NA,0,NA,NA,NA,NA,NA,NA,0,0,6.59,33.08,0,0.12,3.67,NA,7,7,7,NA,0,NA,33.08,NA,6.59,adult,"77, 258"
PTEROPODIDAE,Pteropus,Pteropus scapulatus,NA,NA,0,375,NA,1,90.4,NA,1,NA,NA,0,1120,NA,1,7.3,32.8,0,NA,NA,NA,1,1,NA,NA,NA,NA,NA,NA,0,0,0,0,NA,32.8,NA,7.3,NA,adult,"4, 258"
PTEROPODIDAE,Pteropus,Pteropus seychellensis,NA,NA,0,507,34,7,101.3,0.03,2,NA,NA,0,1880,2.3,2,5.46,26.4,3.38,NA,NA,NA,3,1,NA,NA,NA,NA,NA,NA,0,0,0,3.38,NA,26.4,NA,5.46,NA,adult,"109, 258"
PTEROPODIDAE,Pteropus,Pteropus tokudae,NA,NA,0,152,NA,1,65,NA,1,NA,NA,0,NA,NA,0,NA,NA,NA,NA,NA,NA,0,0,NA,NA,NA,NA,NA,NA,0,0,0,NA,NA,NA,NA,NA,NA,adult,"4, 258"
PTEROPODIDAE,Pteropus,Pteropus tonganus,NA,NA,0,435.65,74.75,17,87.11,10.24,17,1080,200,16,1410,NA,1,7.1,39,0,NA,NA,NA,1,1,6.93,39.58,0.01,0.67,8.02,NA,16,16,16,0,0.01,39,39.58,7.1,6.93,adult,"4, 77, 258"
PTEROPODIDAE,Pteropus,Pteropus vampyrus,NA,NA,0,1098.6,NA,5,141.78,NA,5,3668.68,NA,4,2000,NA,1,8.4,57.8,0.01,NA,NA,NA,1,1,5.73,29.03,0,NA,NA,NA,4,4,4,0.01,0,57.8,29.03,8.4,5.73,adult,"4, 45, 258"
PTEROPODIDAE,Rousettus,Rousettus aegyptiacus,NA,NA,0,129.4,NA,5,55.76,NA,5,572.76,NA,3,511.5,65.76,2,6.15,23.3,0,0.35,1.84,0,2,2,5.54,22.98,0,NA,NA,NA,3,3,3,0,0,23.3,22.98,6.15,5.54,adult,"4, 45, 220, 258"
PTEROPODIDAE,Rousettus,Rousettus amplexicaudatus,NA,NA,0,70.89,7.93,7,49.35,1.99,6,NA,NA,0,373.7,23,5,6.33,0,0,NA,NA,NA,5,5,NA,NA,NA,NA,NA,NA,0,0,0,0,NA,0,NA,6.33,NA,adult,"4, 31, 156, 258"
PTEROPODIDAE,Rousettus,Rousettus celebensis,NA,NA,0,68,NA,1,48.6,NA,1,NA,NA,0,391,NA,1,6,17.1,0,NA,NA,NA,1,1,NA,NA,NA,NA,NA,NA,0,0,0,0,NA,17.1,NA,6,NA,adult,"4, 258"
PTEROPODIDAE,Rousettus,Rousettus leschenaultii,80,NA,1,99.62,11.63,17,52.58,2.61,17,NA,NA,0,481.76,59.13,17,5.89,21,2.44,0.4,2.59,10.35,18,17,NA,NA,NA,NA,NA,NA,0,0,0,2.44,NA,21,NA,5.89,NA,adult,"4, 25, 30, 258"
PTEROPODIDAE,Scotonycteris,Scotonycteris ophiodon,NA,NA,0,NA,NA,0,33,NA,1,NA,NA,0,NA,NA,0,NA,NA,NA,NA,NA,NA,0,0,NA,NA,NA,NA,NA,NA,0,0,0,NA,NA,NA,NA,NA,NA,adult,"4, 258"
PTEROPODIDAE,Scotonycteris,Scotonycteris zenkeri,NA,NA,0,NA,NA,0,22.9,NA,1,NA,NA,0,NA,NA,0,NA,NA,NA,NA,NA,NA,0,0,NA,NA,NA,NA,NA,NA,0,0,0,NA,NA,NA,NA,NA,NA,adult,"4, 258"
PTEROPODIDAE,Sphaerias,Sphaerias blanfordi,NA,NA,0,31.7,0.6,3,37.8,0.5,3,NA,NA,0,250,10,3,5.64,12.49,0,0.08,0.72,NA,3,3,NA,NA,NA,NA,NA,NA,0,0,0,0,NA,12.49,NA,5.64,NA,adult,"25, 258"
PTEROPODIDAE,Styloctenium,Styloctenium wallacei,NA,NA,0,150,NA,1,65.2,NA,1,NA,NA,0,635,NA,1,6.7,23.2,0,NA,NA,NA,1,1,NA,NA,NA,NA,NA,NA,0,0,0,0,NA,23.2,NA,6.7,NA,adult,"4, 258"
PTEROPODIDAE,Syconycteris,Syconycteris australis,NA,NA,0,17,NA,1,27.9,NA,1,NA,NA,0,125,NA,1,6.2,13.3,0.01,NA,NA,NA,1,1,NA,NA,NA,NA,NA,NA,0,0,0,0.01,NA,13.3,NA,6.2,NA,adult,"4, 258"
PTEROPODIDAE,Thoopterus,Thoopterus nigrescens,NA,NA,0,66,NA,1,49.4,NA,1,NA,NA,0,367,NA,1,6.7,17.6,0,NA,NA,NA,1,1,NA,NA,NA,NA,NA,NA,0,0,0,0,NA,17.6,NA,6.7,NA,adult,"4, 258"
RHINOLOPHIDAE,Rhinolophus,Rhinolophus affinis,51.4,NA,18,14.26,NA,70,31.95,NA,70,NA,NA,0,177,NA,70,5.92,7.07,0,NA,2.29,NA,70,70,NA,NA,NA,NA,NA,NA,0,0,0,0,NA,7.07,NA,5.92,NA,adult,"25, 52, 76, 79, 258"
RHINOLOPHIDAE,Rhinolophus,Rhinolophus beddomei,63,NA,1,NA,NA,0,NA,NA,0,NA,NA,0,NA,NA,0,4.7,NA,30.2,NA,NA,NA,1,0,NA,NA,NA,NA,NA,NA,0,0,0,30.2,NA,NA,NA,4.7,NA,adult,30
RHINOLOPHIDAE,Rhinolophus,Rhinolophus blasii,47.67,1.03,9,10,1.14,4,27.36,1.07,5,NA,NA,0,130.3,6.86,4,5.8,4.49,20.17,NA,3.57,16.02,11,11,NA,NA,NA,NA,NA,NA,0,0,0,20.17,NA,4.49,NA,5.8,NA,adult,"4, 11, 19, 29, 258"
RHINOLOPHIDAE,Rhinolophus,Rhinolophus capensis,49.85,1.2,313,11.93,1.77,323,31.17,1.8,324,NA,NA,0,155.62,12.2,142,5.73,5.61,0,NA,3.55,NA,142,142,NA,NA,NA,NA,NA,NA,0,0,0,0,NA,5.61,NA,5.73,NA,adult,"4, 11, 29, 151, 248, 258"
RHINOLOPHIDAE,Rhinolophus,Rhinolophus clivosus,53.98,8.68,131,18.21,2.12,136,34.86,2.35,142,NA,NA,0,197.14,17.43,45,5.7,1.02,0,NA,2.93,NA,45,45,NA,NA,NA,NA,NA,NA,0,0,0,0,NA,1.02,NA,5.7,NA,adult,"4, 11, 29, 78, 151"
RHINOLOPHIDAE,Rhinolophus,Rhinolophus damarensis,50,2,81,10.8,1.8,81,32.7,1.9,81,NA,NA,0,NA,NA,0,NA,NA,NA,NA,NA,NA,0,0,NA,NA,NA,NA,NA,NA,0,0,0,NA,NA,NA,NA,NA,NA,adult,151
RHINOLOPHIDAE,Rhinolophus,Rhinolophus darlingi,46.42,1.1,24,8.73,1.35,36,28.76,1.48,35,NA,NA,0,146.43,11.11,21,5.62,0.71,1.6,NA,2.29,7.48,22,22,NA,NA,NA,NA,NA,NA,0,0,0,1.6,NA,0.71,NA,5.62,NA,adult,"4, 11, 29, 151, 166, 258"
RHINOLOPHIDAE,Rhinolophus,Rhinolophus deckenii,51,1,20,13.2,0.6,20,33.3,2.9,20,NA,NA,0,NA,NA,0,NA,NA,NA,NA,NA,NA,0,0,NA,NA,NA,NA,NA,NA,0,0,0,NA,NA,NA,NA,NA,NA,adult,151
RHINOLOPHIDAE,Rhinolophus,Rhinolophus denti,43,0.99,58,5.9,0.69,68,28.5,1.89,68,NA,NA,0,122.35,7.04,20,5.98,0,0,NA,NA,NA,20,20,NA,NA,NA,NA,NA,NA,0,0,0,0,NA,0,NA,5.98,NA,adult,"11, 29, 151, 258"
RHINOLOPHIDAE,Rhinolophus,Rhinolophus eloquens,58,2,20,19.8,1.1,20,36.57,1.5,21,NA,NA,0,NA,NA,0,NA,NA,NA,NA,NA,NA,0,0,NA,NA,NA,NA,NA,NA,0,0,0,NA,NA,NA,NA,NA,NA,adult,"4, 151, 258"
RHINOLOPHIDAE,Rhinolophus,Rhinolophus euryale,48.33,1.38,77,12.61,1.98,63,30.99,1.32,63,NA,NA,0,154.07,11.13,44,6.23,8.19,10.37,0.42,1.23,14.79,66,66,NA,NA,NA,NA,NA,NA,0,0,0,10.37,NA,8.19,NA,6.23,NA,adult,"4, 9, 19, 114, 128, 139, 258"
RHINOLOPHIDAE,Rhinolophus,Rhinolophus ferrumequinum,57.29,1.66,21,21.5,NA,1,36,NA,1,NA,NA,0,NA,NA,0,6.11,7.62,32.64,0.2,1.09,1.94,21,21,NA,NA,NA,NA,NA,NA,0,0,0,32.64,NA,7.62,NA,6.11,NA,adult,"19, 216, 258"
RHINOLOPHIDAE,Rhinolophus,Rhinolophus formosae,57.99,0.26,42,21.09,0.46,42,33,0.2,42,NA,NA,0,247.86,3.72,42,4.46,8.41,0,0.05,0.21,NA,42,42,NA,NA,NA,NA,NA,NA,0,0,0,0,NA,8.41,NA,4.46,NA,adult,24
RHINOLOPHIDAE,Rhinolophus,Rhinolophus fumigatus,52,2,2,12.74,0.81,11,31.3,1.86,5,NA,NA,0,168.68,26.6,5,6.3,4.79,17.4,NA,3.81,NA,11,11,NA,NA,NA,NA,NA,NA,0,0,0,17.4,NA,4.79,NA,6.3,NA,adult,"4, 11, 29, 166, 258"
RHINOLOPHIDAE,Rhinolophus,Rhinolophus hildebrandtii,67,1,10,27.41,3,30,40.27,1.39,21,NA,NA,0,287.48,21.26,21,5.99,3.27,10.19,NA,4.75,NA,30,30,NA,NA,NA,NA,NA,NA,0,0,0,10.19,NA,3.27,NA,5.99,NA,adult,"4, 11, 29, 166, 258"
RHINOLOPHIDAE,Rhinolophus,Rhinolophus hipposideros,38.27,0.58,6,6.65,0.21,2,23.55,0.64,2,NA,NA,0,94,NA,1,5.61,7.13,24.04,0.3,0.29,10.69,7,7,NA,NA,NA,NA,NA,NA,0,0,0,24.04,NA,7.13,NA,5.61,NA,adult,"4, 19, 216, 258"
RHINOLOPHIDAE,Rhinolophus,Rhinolophus indorouxii,51,NA,1,NA,NA,0,NA,NA,0,NA,NA,0,NA,NA,0,5.8,NA,33,NA,NA,NA,1,0,NA,NA,NA,NA,NA,NA,0,0,0,33,NA,NA,NA,5.8,NA,adult,30
RHINOLOPHIDAE,Rhinolophus,Rhinolophus landeri,44.93,1.02,28,8.16,0.86,38,29.5,2.08,31,NA,NA,0,138.48,3.62,5,5.8,4.47,18.79,NA,3.31,NA,12,12,NA,NA,NA,NA,NA,NA,0,0,0,18.79,NA,4.47,NA,5.8,NA,adult,"4, 11, 29, 151, 166, 258"
RHINOLOPHIDAE,Rhinolophus,Rhinolophus lepidus,40.51,NA,39,6.19,NA,119,23.92,NA,119,103.28,3.13,27,107.41,NA,92,5.66,3.6,0.34,NA,2.8,3.3,93,92,5,6.2,0,0.1,0.09,NA,27,27,27,0.34,0,3.6,6.2,5.66,5,adult,"26, 30, 52, 79, 258"
RHINOLOPHIDAE,Rhinolophus,Rhinolophus luctus,63.4,NA,1,26.3,NA,1,39.6,NA,1,NA,NA,0,283,NA,1,5.54,0,0,NA,NA,NA,1,1,NA,NA,NA,NA,NA,NA,0,0,0,0,NA,0,NA,5.54,NA,adult,"52, 258"
RHINOLOPHIDAE,Rhinolophus,Rhinolophus macrotis,44.6,3.79,13,6.35,1.5,25,26.46,3.35,25,NA,NA,0,119.92,14.12,25,5.87,5.01,0,0.9,1.26,NA,25,25,NA,NA,NA,NA,NA,NA,0,0,0,0,NA,5.01,NA,5.87,NA,adult,"25, 52, 133, 258"
RHINOLOPHIDAE,Rhinolophus,Rhinolophus marshalli,42.95,2.52,17,6.11,0.65,17,28.61,0.75,17,NA,NA,0,173.72,10.14,17,4.71,3.71,0,0.07,0.48,NA,17,17,NA,NA,NA,NA,NA,NA,0,0,0,0,NA,3.71,NA,4.71,NA,adult,122
RHINOLOPHIDAE,Rhinolophus,Rhinolophus megaphyllus,NA,NA,0,9.99,1.17,20,27.05,1.58,20,NA,NA,0,149,10.71,20,5.04,6.8,0,0.42,1.03,NA,20,20,NA,NA,NA,NA,NA,NA,0,0,0,0,NA,6.8,NA,5.04,NA,adult,"4, 27, 258"
RHINOLOPHIDAE,Rhinolophus,Rhinolophus mehelyi,51.12,1.15,56,13.38,1.77,44,31.05,1.44,44,NA,NA,0,156.44,12.17,36,6.22,8.23,11.62,0.34,1.55,15.75,56,56,NA,NA,NA,NA,NA,NA,0,0,0,11.62,NA,8.23,NA,6.22,NA,adult,"9, 19, 128, 139, 258"
RHINOLOPHIDAE,Rhinolophus,Rhinolophus microglobosus,NA,NA,0,7.3,0.9,4,27,0.8,4,NA,NA,0,140,10,4,5.1,5.06,0,0.21,0.43,NA,4,4,NA,NA,NA,NA,NA,NA,0,0,0,0,NA,5.06,NA,5.1,NA,adult,25
RHINOLOPHIDAE,Rhinolophus,Rhinolophus paradoxolophus,NA,NA,0,10,1.1,26,31.3,0.9,26,NA,NA,0,180,10,26,5.39,5.5,0,0.27,0.54,NA,26,26,NA,NA,NA,NA,NA,NA,0,0,0,0,NA,5.5,NA,5.39,NA,adult,"25, 258"
RHINOLOPHIDAE,Rhinolophus,Rhinolophus pearsonii,53,15,15,15.09,1.5,42,33.73,1.63,42,NA,NA,0,209.29,17.59,42,5.56,7.23,0,0.83,0.59,NA,42,42,NA,NA,NA,NA,NA,NA,0,0,0,0,NA,7.23,NA,5.56,NA,adult,"25, 76, 258"
RHINOLOPHIDAE,Rhinolophus,Rhinolophus pusillus,38.02,0.34,20,4.77,0.4,29,21.22,0.49,29,NA,NA,0,93.21,NA,29,4.9,4.94,0,0.2,0.3,NA,29,29,NA,NA,NA,NA,NA,NA,0,0,0,0,NA,4.94,NA,4.9,NA,adult,"24, 25, 258"
RHINOLOPHIDAE,Rhinolophus,Rhinolophus rouxii,51.92,1.57,13,12.17,1.23,12,34.3,1.09,80,NA,NA,0,200,9.81,80,6.84,8.08,2.8,0.55,1,10.09,81,80,NA,NA,NA,NA,NA,NA,0,0,0,2.8,NA,8.08,NA,6.84,NA,adult,"30, 249, 258"
RHINOLOPHIDAE,Rhinolophus,Rhinolophus sedulus,40.3,NA,7,7.7,NA,13,26,NA,13,NA,NA,0,125,NA,13,5.41,0,0,NA,NA,NA,13,13,NA,NA,NA,NA,NA,NA,0,0,0,0,NA,0,NA,5.41,NA,adult,"52, 258"
RHINOLOPHIDAE,Rhinolophus,Rhinolophus simulator,45.19,1.82,112,7.2,1.23,101,28.13,1.91,123,NA,NA,0,129.54,7.96,41,5.54,3.84,0,NA,3.92,NA,41,41,NA,NA,NA,NA,NA,NA,0,0,0,0,NA,3.84,NA,5.54,NA,adult,"4, 11, 29, 151, 238, 258"
RHINOLOPHIDAE,Rhinolophus,Rhinolophus sinicus,NA,NA,0,11.9,1.6,8,27.4,1.1,8,NA,NA,0,140,10,8,5.32,8.44,0,0.26,0.98,NA,8,8,NA,NA,NA,NA,NA,NA,0,0,0,0,NA,8.44,NA,5.32,NA,adult,25
RHINOLOPHIDAE,Rhinolophus,Rhinolophus stheno,48.8,NA,58,8.97,NA,139,28.67,NA,139,NA,NA,0,139.12,NA,139,5.95,4.25,0,NA,2.79,NA,139,139,NA,NA,NA,NA,NA,NA,0,0,0,0,NA,4.25,NA,5.95,NA,adult,"52, 79, 258"
RHINOLOPHIDAE,Rhinolophus,Rhinolophus swinnyi,44,0.99,81,7.91,0.6,94,27.79,1.43,92,NA,NA,0,132.86,7.5,21,5.87,0.82,2.87,NA,1.05,NA,23,23,NA,NA,NA,NA,NA,NA,0,0,0,2.87,NA,0.82,NA,5.87,NA,adult,"4, 11, 29, 151, 166, 258"
RHINOLOPHIDAE,Rhinolophus,Rhinolophus trifoliatus,50.9,NA,22,13.92,NA,106,32.65,NA,106,191.61,0.02,3,196.27,NA,103,5.41,4.69,0,NA,3.21,NA,103,103,4.5,6.3,0,0.15,0.08,NA,3,3,3,0,0,4.69,6.3,5.41,4.5,adult,"26, 52, 79, 258"
RHINOLOPHIDAE,Rhinolophus,Rhinolophus yunanensis,NA,NA,0,16.6,0.8,4,33.4,1.1,4,NA,NA,0,230,10,4,4.78,7.14,0,0.4,0.35,NA,4,4,NA,NA,NA,NA,NA,NA,0,0,0,0,NA,7.14,NA,4.78,NA,adult,"25, 258"
RHINOPOMATIDAE,Rhinopoma,Rhinopoma cystops,NA,NA,0,16.3,NA,1,28,NA,1,NA,NA,0,114,NA,1,6.9,14,0.01,NA,NA,NA,1,1,NA,NA,NA,NA,NA,NA,0,0,0,0.01,NA,14,NA,6.9,NA,adult,4
RHINOPOMATIDAE,Rhinopoma,Rhinopoma hardwickii,NA,NA,0,16.3,NA,1,28,NA,1,NA,NA,0,114,NA,1,6.9,14,0.01,NA,NA,NA,1,1,NA,NA,NA,NA,NA,NA,0,0,0,0.01,NA,14,NA,6.9,NA,adult,"4, 258"
RHINOPOMATIDAE,Rhinopoma,Rhinopoma microphyllum,NA,NA,0,32,NA,1,35,NA,1,NA,NA,0,153,NA,1,8,20.5,0.01,NA,NA,NA,1,1,NA,NA,NA,NA,NA,NA,0,0,0,0.01,NA,20.5,NA,8,NA,adult,"4, 258"
THYROPTERIDAE,Thyroptera,Thyroptera discifera,NA,NA,0,3.1,NA,1,21.1,NA,1,NA,NA,0,75,NA,1,6.25,4.1,14.1,0.5,NA,19.94,2,1,NA,NA,NA,NA,NA,NA,0,0,0,14.1,NA,4.1,NA,6.25,NA,adult,"4, 16, 258"
THYROPTERIDAE,Thyroptera,Thyroptera tricolor,NA,NA,0,3.5,NA,1,22.4,NA,1,NA,NA,0,83,NA,1,5.87,4.1,13.44,0.19,NA,19,2,1,NA,NA,NA,NA,NA,NA,0,0,0,13.44,NA,4.1,NA,5.87,NA,adult,"4, 16, 258"
VESPERTILIONIDAE,Antrozous,Antrozous pallidus,NA,NA,0,17.3,NA,1,35.7,NA,1,NA,NA,0,210,NA,1,6.1,8.1,0,NA,NA,NA,1,1,NA,NA,NA,NA,NA,NA,0,0,0,0,NA,8.1,NA,6.1,NA,adult,"4, 258"
VESPERTILIONIDAE,Barbastella,Barbastella barbastellus,NA,NA,0,10.3,NA,1,25.8,NA,1,NA,NA,0,111,NA,1,6,9.1,0,NA,NA,NA,1,1,NA,NA,NA,NA,NA,NA,0,0,0,0,NA,9.1,NA,6,NA,adult,"4, 258"
VESPERTILIONIDAE,Chalinolobus,Chalinolobus dwyeri,NA,NA,0,8.5,NA,1,27.5,NA,1,NA,NA,0,126,NA,1,6,6.6,0,NA,NA,NA,1,1,NA,NA,NA,NA,NA,NA,0,0,0,0,NA,6.6,NA,6,NA,adult,"4, 258"
VESPERTILIONIDAE,Chalinolobus,Chalinolobus gouldii,NA,NA,0,12.18,2.41,22,31.31,2.75,17,NA,NA,0,149.41,19.52,17,6.49,8.43,4.07,0.63,2.2,NA,19,19,NA,NA,NA,NA,NA,NA,0,0,0,4.07,NA,8.43,NA,6.49,NA,adult,"4, 27, 100, 239, 258"
VESPERTILIONIDAE,Chalinolobus,Chalinolobus morio,NA,NA,0,7.58,0.88,30,26.88,2.27,20,NA,NA,0,119.45,19.62,20,5.72,6.51,11.41,0.77,1.06,NA,30,30,NA,NA,NA,NA,NA,NA,0,0,0,11.41,NA,6.51,NA,5.72,NA,adult,"4, 27, 100, 258"
VESPERTILIONIDAE,Chalinolobus,Chalinolobus picatus,NA,NA,0,6,NA,1,22.4,NA,1,NA,NA,0,80,NA,1,6.03,7.07,0,NA,NA,NA,1,1,NA,NA,NA,NA,NA,NA,0,0,0,0,NA,7.07,NA,6.03,NA,adult,"27, 258"
VESPERTILIONIDAE,Corynorhinus,Corynorhinus rafinesquii,NA,NA,0,8.3,NA,1,28.6,NA,1,NA,NA,0,138,NA,1,5.9,5.9,0,NA,NA,NA,1,1,NA,NA,NA,NA,NA,NA,0,0,0,0,NA,5.9,NA,5.9,NA,adult,"4, 258"
VESPERTILIONIDAE,Corynorhinus,Corynorhinus townsendii,NA,NA,0,10.2,NA,1,28.7,NA,1,NA,NA,0,140,NA,1,5.9,7.2,0,NA,NA,NA,1,1,NA,NA,NA,NA,NA,NA,0,0,0,0,NA,7.2,NA,5.9,NA,adult,"4, 258"
VESPERTILIONIDAE,Eptesicus,Eptesicus brasiliensis,NA,NA,0,NA,NA,0,NA,NA,0,NA,NA,0,NA,NA,0,6.33,NA,33.56,NA,NA,NA,1,0,NA,NA,NA,NA,NA,NA,0,0,0,33.56,NA,NA,NA,6.33,NA,adult,"16, 258"
VESPERTILIONIDAE,Eptesicus,Eptesicus fuscus,NA,NA,0,19.9,2.95,11,9.83,13.46,40,NA,NA,0,142.36,10.15,11,6.36,12.64,0.01,0.5,1.89,NA,40,41,NA,13.3,NA,NA,1.8,NA,0,15,0,0.01,49.08,12.64,13.3,6.36,NA,adult,"4, 5, 110, 168, 236, 258"
VESPERTILIONIDAE,Eptesicus,Eptesicus hottentotus,48.9,1.4,6,20.08,4.83,12,33.41,1.51,17,NA,NA,0,180.01,15.27,17,6.27,4.99,3.76,NA,5.91,13.01,18,18,NA,NA,NA,NA,NA,NA,0,0,0,3.76,NA,4.99,NA,6.27,NA,adult,"4, 29, 78, 166, 258"
VESPERTILIONIDAE,Eptesicus,Eptesicus nilssonii,NA,NA,0,9.73,1.27,4,27.57,1.01,4,NA,NA,0,114.25,7.5,4,6.68,8.33,0,NA,NA,NA,4,4,NA,NA,NA,NA,NA,NA,0,0,0,0,NA,8.33,NA,6.68,NA,adult,"4, 220, 258"
VESPERTILIONIDAE,Eptesicus,Eptesicus platyops,NA,NA,0,NA,NA,0,25.4,NA,1,NA,NA,0,NA,NA,0,NA,NA,NA,NA,NA,NA,0,0,NA,NA,NA,NA,NA,NA,0,0,0,NA,NA,NA,NA,NA,NA,adult,4
VESPERTILIONIDAE,Eptesicus,Eptesicus serotinus,NA,NA,0,22.3,NA,1,34.1,NA,1,NA,NA,0,180,NA,1,6.5,12.2,0,NA,NA,NA,1,1,NA,NA,NA,NA,NA,NA,0,0,0,0,NA,12.2,NA,6.5,NA,adult,"4, 258"
VESPERTILIONIDAE,Falsistrellus,Falsistrellus tasmaniensis,NA,NA,0,22.3,NA,1,36.4,NA,1,NA,NA,0,147,NA,1,9,14.8,0.01,NA,NA,NA,1,1,NA,NA,NA,NA,NA,NA,0,0,0,0.01,NA,14.8,NA,9,NA,adult,"4, 258"
VESPERTILIONIDAE,Glauconycteris,Glauconycteris argentata,NA,NA,0,9.2,NA,1,31.3,NA,1,NA,NA,0,NA,NA,0,NA,NA,NA,NA,NA,NA,0,0,NA,NA,NA,NA,NA,NA,0,0,0,NA,NA,NA,NA,NA,NA,adult,"4, 258"
VESPERTILIONIDAE,Glauconycteris,Glauconycteris gleni,NA,NA,0,10.7,NA,1,30.1,NA,1,NA,NA,0,NA,NA,0,NA,NA,NA,NA,NA,NA,0,0,NA,NA,NA,NA,NA,NA,0,0,0,NA,NA,NA,NA,NA,NA,adult,"4, 258"
VESPERTILIONIDAE,Glauconycteris,Glauconycteris kenyacola,NA,NA,0,7,NA,1,29.6,NA,1,NA,NA,0,NA,NA,0,NA,NA,NA,NA,NA,NA,0,0,NA,NA,NA,NA,NA,NA,0,0,0,NA,NA,NA,NA,NA,NA,adult,"4, 258"
VESPERTILIONIDAE,Glauconycteris,Glauconycteris poensis,NA,NA,0,NA,NA,0,22.9,NA,1,NA,NA,0,NA,NA,0,NA,NA,NA,NA,NA,NA,0,0,NA,NA,NA,NA,NA,NA,0,0,0,NA,NA,NA,NA,NA,NA,adult,"4, 258"
VESPERTILIONIDAE,Glauconycteris,Glauconycteris superba,44.73,1.46,10,15.33,1.79,10,27.75,0.49,4,94.15,2.71,4,NA,NA,0,NA,NA,NA,NA,NA,NA,0,0,8.19,15.66,NA,0.35,NA,NA,4,4,0,NA,64.31,NA,15.66,NA,8.19,adult,"95, 258"
VESPERTILIONIDAE,Glauconycteris,Glauconycteris variegata,NA,NA,0,12.1,1.27,2,30.9,0.71,2,NA,NA,0,148.4,NA,1,6.23,0,0,NA,NA,NA,1,1,NA,NA,NA,NA,NA,NA,0,0,0,0,NA,0,NA,6.23,NA,adult,"4, 29, 258"
VESPERTILIONIDAE,Harpiocephalus,Harpiocephalus harpia,NA,NA,0,17.5,2.4,18,34.8,1.8,18,NA,NA,0,230,20,18,5.2,7.49,0,0.34,0.59,NA,18,18,NA,NA,NA,NA,NA,NA,0,0,0,0,NA,7.49,NA,5.2,NA,adult,"25, 258"
VESPERTILIONIDAE,Hesperoptenus,Hesperoptenus tickelli,55,NA,1,NA,NA,0,NA,NA,0,NA,NA,0,NA,NA,0,6.9,NA,40.9,NA,NA,NA,1,0,NA,NA,NA,NA,NA,NA,0,0,0,40.9,NA,NA,NA,6.9,NA,adult,"30, 258"
VESPERTILIONIDAE,Histiotus,Histiotus macrotus,NA,NA,0,9.37,0.29,3,29.67,0.58,3,NA,NA,0,129.67,4.2,3,6.78,7.08,0,0.06,0.19,NA,3,3,NA,NA,NA,NA,NA,NA,0,0,0,0,NA,7.08,NA,6.78,NA,adult,"6, 258"
VESPERTILIONIDAE,Histiotus,Histiotus montanus,NA,NA,0,8.4,5.8,2,24.45,6.72,2,NA,NA,0,58.8,NA,1,6.6,7.17,0,NA,NA,NA,1,1,NA,NA,NA,NA,NA,NA,0,0,0,0,NA,7.17,NA,6.6,NA,adult,"6, 7, 258"
VESPERTILIONIDAE,Hypsugo,Hypsugo bemainty,NA,NA,0,5.8,0.52,3,21.7,0.21,3,NA,NA,0,87.57,0.68,3,5.27,4.33,0,0.14,3.76,NA,3,3,NA,NA,NA,NA,NA,NA,0,0,0,0,NA,4.33,NA,5.27,NA,adult,"28, 29"
VESPERTILIONIDAE,Hypsugo,Hypsugo cadornae,NA,NA,0,9.6,0.8,4,24.7,1.6,4,NA,NA,0,110,10,4,5.65,9,0,0.25,1.21,NA,4,4,NA,NA,NA,NA,NA,NA,0,0,0,0,NA,9,NA,5.65,NA,adult,"25, 258"
VESPERTILIONIDAE,Ia,Ia io,76.7,1.3,15,56.23,6.55,35,48.71,2.77,35,NA,NA,0,365.71,36,35,6.68,15.85,0,0.5,1.79,NA,35,35,NA,NA,NA,NA,NA,NA,0,0,0,0,NA,15.85,NA,6.68,NA,adult,"25, 86, 258"
VESPERTILIONIDAE,Idionycteris,Idionycteris phyllotis,NA,NA,0,12,NA,1,32.3,NA,1,NA,NA,0,179,NA,1,5.8,6.6,0,NA,NA,NA,1,1,NA,NA,NA,NA,NA,NA,0,0,0,0,NA,6.6,NA,5.8,NA,adult,"4, 258"
VESPERTILIONIDAE,Kerivoula,Kerivoula argentata,NA,NA,0,9.33,1.15,3,28.5,2.26,2,NA,NA,0,146.35,3.75,2,5.8,6.27,10.21,0.52,0.58,17.69,3,3,NA,NA,NA,NA,NA,NA,0,0,0,10.21,NA,6.27,NA,5.8,NA,adult,"4, 28, 166, 258"
VESPERTILIONIDAE,Kerivoula,Kerivoula cuprosa,NA,NA,0,NA,NA,0,25,NA,1,NA,NA,0,NA,NA,0,NA,NA,NA,NA,NA,NA,0,0,NA,NA,NA,NA,NA,NA,0,0,0,NA,NA,NA,NA,NA,NA,adult,"4, 258"
VESPERTILIONIDAE,Kerivoula,Kerivoula hardwickii,NA,NA,0,NA,NA,0,25.1,NA,1,NA,NA,0,NA,NA,0,6.9,NA,NA,NA,NA,NA,1,0,NA,NA,NA,NA,NA,NA,0,0,0,NA,NA,NA,NA,6.9,NA,adult,"4, 258"
VESPERTILIONIDAE,Kerivoula,Kerivoula intermedia,NA,NA,0,3,0,103,21.5,0.6,103,NA,NA,0,80,0,103,5.62,3.93,0,0.27,0.54,NA,103,103,NA,NA,NA,NA,NA,NA,0,0,0,0,NA,3.93,NA,5.62,NA,adult,"79, 258"
VESPERTILIONIDAE,Kerivoula,Kerivoula lanosa,NA,NA,0,NA,NA,0,25.4,NA,1,NA,NA,0,NA,NA,0,NA,NA,NA,NA,NA,NA,0,0,NA,NA,NA,NA,NA,NA,0,0,0,NA,NA,NA,NA,NA,NA,adult,"4, 258"
VESPERTILIONIDAE,Kerivoula,Kerivoula papillosa,NA,NA,0,9,1,48,31.3,1.7,48,NA,NA,0,180,20,48,5.55,5.08,0,0.29,0.51,NA,48,48,NA,NA,NA,NA,NA,NA,0,0,0,0,NA,5.08,NA,5.55,NA,adult,"79, 258"
VESPERTILIONIDAE,Kerivoula,Kerivoula pellucida,NA,NA,0,5,5,26,23.3,0.9,26,NA,NA,0,110,110,26,4.87,3.96,0,0.24,0.45,NA,26,26,NA,NA,NA,NA,NA,NA,0,0,0,0,NA,3.96,NA,4.87,NA,adult,"79, 258"
VESPERTILIONIDAE,Kerivoula,Kerivoula phalaena,NA,NA,0,NA,NA,0,19.7,NA,1,NA,NA,0,NA,NA,0,NA,NA,NA,NA,NA,NA,0,0,NA,NA,NA,NA,NA,NA,0,0,0,NA,NA,NA,NA,NA,NA,adult,"4, 258"
VESPERTILIONIDAE,Kerivoula,Kerivoula titania,NA,NA,0,4.5,NA,1,25.2,NA,1,NA,NA,0,130,NA,1,4.81,3.42,0,NA,NA,NA,1,1,NA,NA,NA,NA,NA,NA,0,0,0,0,NA,3.42,NA,4.81,NA,adult,25
VESPERTILIONIDAE,Laephotis,Laephotis wintoni,40.2,1.48,5,10.3,1.49,10,27.4,0.95,10,NA,NA,0,134.39,13.77,10,5.59,3.79,0,NA,4.12,NA,10,10,NA,NA,NA,NA,NA,NA,0,0,0,0,NA,3.79,NA,5.59,NA,adult,"29, 119, 258"
VESPERTILIONIDAE,Lasionycteris,Lasionycteris noctivagans,NA,NA,0,10.6,NA,1,28.9,NA,1,NA,NA,0,127,NA,1,6.6,8.2,0,NA,NA,NA,1,1,NA,NA,NA,NA,NA,NA,0,0,0,0,NA,8.2,NA,6.6,NA,adult,"4, 258"
VESPERTILIONIDAE,Lasiurus,Lasiurus borealis,NA,NA,0,7.87,1.12,3,25.37,2.49,3,NA,NA,0,93.73,8.87,3,6.87,8.05,0,0.7,0.48,NA,3,4,NA,NA,NA,NA,NA,NA,0,0,0,0,NA,8.05,NA,6.87,NA,adult,"5, 6, 258"
VESPERTILIONIDAE,Lasiurus,Lasiurus castaneus,NA,NA,0,11.6,NA,1,24.6,NA,1,NA,NA,0,79,NA,1,7.7,14.4,0.01,NA,NA,NA,1,1,NA,NA,NA,NA,NA,NA,0,0,0,0.01,NA,14.4,NA,7.7,NA,adult,"4, 258"
VESPERTILIONIDAE,Lasiurus,Lasiurus cinereus,NA,NA,0,24.03,9.05,3,33.4,5.63,3,NA,NA,0,175.63,40.83,3,6.51,15.78,0,1.65,4.11,NA,3,3,NA,NA,NA,NA,NA,NA,0,0,0,0,NA,15.78,NA,6.51,NA,adult,"4, 6, 258"
VESPERTILIONIDAE,Lasiurus,Lasiurus ega,NA,NA,0,NA,NA,0,34.5,NA,1,NA,NA,0,NA,NA,0,NA,NA,NA,NA,NA,NA,0,0,NA,NA,NA,NA,NA,NA,0,0,0,NA,NA,NA,NA,NA,NA,adult,"4, 258"
VESPERTILIONIDAE,Lasiurus,Lasiurus egregius,47.8,0.57,2,13,2.83,2,39.73,0.16,2,NA,NA,0,NA,NA,0,NA,NA,NA,NA,NA,NA,0,0,NA,NA,NA,NA,NA,NA,0,0,0,NA,NA,NA,NA,NA,NA,adult,251
VESPERTILIONIDAE,Lasiurus,Lasiurus intermedius,NA,NA,0,NA,NA,0,37,NA,1,NA,NA,0,NA,NA,0,NA,NA,NA,NA,NA,NA,0,0,NA,NA,NA,NA,NA,NA,0,0,0,NA,NA,NA,NA,NA,NA,adult,"4, 258"
VESPERTILIONIDAE,Lasiurus,Lasiurus seminolus,NA,NA,0,NA,NA,0,30,NA,1,NA,NA,0,NA,NA,0,NA,NA,NA,NA,NA,NA,0,0,NA,NA,NA,NA,NA,NA,0,0,0,NA,NA,NA,NA,NA,NA,adult,"4, 258"
VESPERTILIONIDAE,Mimetillus,Mimetillus moloneyi,NA,NA,0,8.8,NA,1,18,NA,1,NA,NA,0,48,NA,1,6.7,18,0.01,NA,NA,NA,1,1,NA,NA,NA,NA,NA,NA,0,0,0,0.01,NA,18,NA,6.7,NA,adult,"4, 258"
VESPERTILIONIDAE,Miniopterus,Miniopterus fuliginosus,47.69,1.09,54,13.6,1.1,53,30.9,0.6,53,NA,NA,0,138,4,53,6.94,9.85,0.64,0.13,0.83,4.64,54,53,NA,NA,NA,NA,NA,NA,0,0,0,0.64,NA,9.85,NA,6.94,NA,adult,"30, 46"
VESPERTILIONIDAE,Murina,Murina cyclotis,NA,NA,0,6.81,1.51,48,23.46,2.26,48,NA,NA,0,117.5,13.91,48,4.67,5.71,0,0.43,0.72,NA,48,48,NA,NA,NA,NA,NA,NA,0,0,0,0,NA,5.71,NA,4.67,NA,adult,"25, 79, 258"
VESPERTILIONIDAE,Murina,Murina eleryi,NA,NA,0,4.6,0.6,8,20.2,0.6,8,NA,NA,0,90,NA,8,4.72,5.24,0,0.29,0.65,NA,8,8,NA,NA,NA,NA,NA,NA,0,0,0,0,NA,5.24,NA,4.72,NA,adult,25
VESPERTILIONIDAE,Murina,Murina feae,NA,NA,0,4.4,0.4,6,21.3,0.7,6,NA,NA,0,100,NA,6,4.49,4.39,0,0.19,0.32,NA,6,6,NA,NA,NA,NA,NA,NA,0,0,0,0,NA,4.39,NA,4.49,NA,adult,25
VESPERTILIONIDAE,Murina,Murina harrisoni,NA,NA,0,8.3,1.9,4,25.5,1.6,4,NA,NA,0,140,10,4,4.72,5.96,0,0.46,1.26,NA,4,4,NA,NA,NA,NA,NA,NA,0,0,0,0,NA,5.96,NA,4.72,NA,adult,25
VESPERTILIONIDAE,Murina,Murina leucogaster,NA,NA,0,NA,NA,0,NA,NA,0,NA,NA,0,NA,NA,0,NA,NA,NA,NA,NA,NA,0,0,NA,NA,NA,NA,NA,NA,0,0,0,NA,NA,NA,NA,NA,NA,adult,"4, 258"
VESPERTILIONIDAE,Murina,Murina suilla,NA,NA,0,4,0,22,21,1.5,22,NA,NA,0,80,10,22,5.37,4.83,0,0.39,0.33,NA,22,22,NA,NA,NA,NA,NA,NA,0,0,0,0,NA,4.83,NA,5.37,NA,adult,"79, 258"
VESPERTILIONIDAE,Myotis,Myotis adversus,39.3,0.74,7,9.06,0.25,33,26.95,0.51,40,122.16,2.53,32,127,NA,1,6.7,7.9,0,NA,NA,NA,1,1,5.7,7.3,0,0.1,0.09,NA,32,32,32,0,0,7.9,7.3,6.7,5.7,adult,"4, 26, 219, 258"
VESPERTILIONIDAE,Myotis,Myotis albescens,NA,NA,0,5.28,0.62,9,23,NA,1,NA,NA,0,77,NA,1,6.9,7.5,0,NA,NA,NA,1,1,NA,NA,NA,NA,NA,NA,0,0,0,0,NA,7.5,NA,6.9,NA,adult,"4, 136, 258"
VESPERTILIONIDAE,Myotis,Myotis ater,NA,NA,0,4.5,0,2,24.4,0.4,2,NA,NA,0,110,NA,2,5.52,4.18,0,0.15,0.04,NA,2,2,NA,NA,NA,NA,NA,NA,0,0,0,0,NA,4.18,NA,5.52,NA,adult,25
VESPERTILIONIDAE,Myotis,Myotis auriculus,NA,NA,0,NA,NA,0,27,NA,1,NA,NA,0,NA,NA,0,NA,NA,NA,NA,NA,NA,0,0,NA,NA,NA,NA,NA,NA,0,0,0,NA,NA,NA,NA,NA,NA,adult,"4, 258"
VESPERTILIONIDAE,Myotis,Myotis austroriparius,NA,NA,0,NA,NA,0,25.4,NA,1,NA,NA,0,NA,NA,0,NA,NA,NA,NA,NA,NA,0,0,NA,NA,NA,NA,NA,NA,0,0,0,NA,NA,NA,NA,NA,NA,adult,"4, 258"
VESPERTILIONIDAE,Myotis,Myotis bechsteinii,NA,NA,0,10.1,NA,1,25.6,NA,1,NA,NA,0,110,NA,1,6,9,0,NA,NA,NA,1,1,NA,NA,NA,NA,NA,NA,0,0,0,0,NA,9,NA,6,NA,adult,"4, 258"
VESPERTILIONIDAE,Myotis,Myotis blythii,NA,NA,0,21,NA,1,36.9,NA,1,NA,NA,0,204,NA,1,6.7,10.1,0,NA,NA,NA,1,1,NA,NA,NA,NA,NA,NA,0,0,0,0,NA,10.1,NA,6.7,NA,adult,"4, 258"
VESPERTILIONIDAE,Myotis,Myotis bocagii,NA,NA,0,8.79,0.92,14,26.39,2.51,11,NA,NA,0,120.41,12.76,11,6.15,4.72,6.86,NA,3.74,NA,14,14,NA,NA,NA,NA,NA,NA,0,0,0,6.86,NA,4.72,NA,6.15,NA,adult,"4, 28, 29, 166, 258"
VESPERTILIONIDAE,Myotis,Myotis californicus,NA,NA,0,4.2,NA,1,22,NA,1,NA,NA,0,86,NA,1,5.6,4.8,0,NA,NA,NA,1,1,NA,NA,NA,NA,NA,NA,0,0,0,0,NA,4.8,NA,5.6,NA,adult,"4, 258"
VESPERTILIONIDAE,Myotis,Myotis capaccinii,NA,NA,0,6,NA,1,NA,NA,0,NA,NA,0,56,NA,1,NA,10.5,0.01,NA,NA,NA,0,1,NA,NA,NA,NA,NA,NA,0,0,0,0.01,NA,10.5,NA,NA,NA,adult,"4, 258"
VESPERTILIONIDAE,Myotis,Myotis chiloensis,NA,NA,0,6.76,0.18,49,23.69,0.39,49,NA,NA,0,98.29,3.47,49,5.76,6.8,0,0.16,0.23,NA,49,49,NA,NA,NA,NA,NA,NA,0,0,0,0,NA,6.8,NA,5.76,NA,adult,"6, 258"
VESPERTILIONIDAE,Myotis,Myotis chinensis,NA,NA,0,31.8,3.8,4,42.6,0.8,4,NA,NA,0,330,20,4,5.46,9.53,0,0.12,0.77,NA,4,4,NA,NA,NA,NA,NA,NA,0,0,0,0,NA,9.53,NA,5.46,NA,adult,"25, 258"
VESPERTILIONIDAE,Myotis,Myotis dasycneme,46.83,0.31,14,16.95,1.64,15,27.1,NA,1,NA,NA,0,108,NA,1,6.8,13.05,47.72,NA,1.3,NA,1,15,NA,NA,NA,NA,NA,NA,0,0,0,47.72,NA,13.05,NA,6.8,NA,adult,"4, 98, 258"
VESPERTILIONIDAE,Myotis,Myotis daubentonii,37.93,1.31,113,8.39,1.3,111,24.73,0.94,99,NA,NA,0,98,NA,1,6.3,11.92,52.16,NA,1.62,NA,1,17,NA,NA,NA,NA,NA,NA,0,0,0,52.16,NA,11.92,NA,6.3,NA,adult,"4, 98, 216, 219, 226, 258"
VESPERTILIONIDAE,Myotis,Myotis emarginatus,41.57,1.15,50,8.61,0.63,51,26.06,0.7,51,NA,NA,0,120.22,4.64,51,5.65,6.86,0,0.19,0.5,NA,51,51,NA,NA,NA,NA,NA,NA,0,0,0,0,NA,6.86,NA,5.65,NA,adult,"4, 105, 258"
VESPERTILIONIDAE,Myotis,Myotis evotis,NA,NA,0,7.3,NA,1,26.5,NA,1,NA,NA,0,118,NA,1,6,6.1,0,NA,NA,NA,1,1,NA,NA,NA,NA,NA,NA,0,0,0,0,NA,6.1,NA,6,NA,adult,"4, 258"
VESPERTILIONIDAE,Myotis,Myotis grisescens,NA,NA,0,10.4,NA,1,28.1,NA,1,NA,NA,0,124,NA,1,6.4,8.2,0,NA,NA,NA,1,1,NA,NA,NA,NA,NA,NA,0,0,0,0,NA,8.2,NA,6.4,NA,adult,"4, 258"
VESPERTILIONIDAE,Myotis,Myotis horsfieldii,39,NA,1,NA,NA,0,NA,NA,0,NA,NA,0,NA,NA,0,6.7,NA,35.8,NA,NA,NA,1,0,NA,NA,NA,NA,NA,NA,0,0,0,35.8,NA,NA,NA,6.7,NA,adult,"30, 258"
VESPERTILIONIDAE,Myotis,Myotis keenii,NA,NA,0,7,NA,1,24.1,NA,1,NA,NA,0,101,NA,1,5.8,6.8,0,NA,NA,NA,1,1,NA,NA,NA,NA,NA,NA,0,0,0,0,NA,6.8,NA,5.8,NA,adult,"4, 258"
VESPERTILIONIDAE,Myotis,Myotis leibii,32.1,0.7,4,5.38,0.65,5,21.56,1.56,5,NA,NA,0,80.48,11.27,5,5.78,6.54,0,0.47,0.44,NA,5,5,NA,NA,NA,NA,NA,NA,0,0,0,0,NA,6.54,NA,5.78,NA,adult,"4, 101, 258"
VESPERTILIONIDAE,Myotis,Myotis lucifugus,37.62,0.45,303,7.36,0.83,400,24.77,0.94,357,NA,NA,0,109.79,NA,357,5.61,6.46,0,NA,0.77,NA,357,354,NA,NA,NA,NA,NA,NA,0,0,0,0,NA,6.46,NA,5.61,NA,adult,"4, 10, 101, 110, 120, 225, 227, 241, 258"
VESPERTILIONIDAE,Myotis,Myotis moluccarum,NA,NA,0,10.6,1.6,17,28.8,0.8,17,NA,NA,0,140,10,17,6.07,7.54,0,0.39,1.09,NA,17,17,NA,NA,NA,NA,NA,NA,0,0,0,0,NA,7.54,NA,6.07,NA,adult,27
VESPERTILIONIDAE,Myotis,Myotis montivagus,45,NA,1,NA,NA,0,NA,NA,0,NA,NA,0,NA,NA,0,6.5,NA,35.8,NA,NA,NA,1,0,NA,NA,NA,NA,NA,NA,0,0,0,35.8,NA,NA,NA,6.5,NA,adult,"30, 258"
VESPERTILIONIDAE,Myotis,Myotis muricola,NA,NA,0,4.9,0.22,22,24.47,0.34,22,83.14,1.83,21,110,NA,1,5.88,4.4,0,NA,NA,NA,1,1,7.5,6.1,0,0.14,0.26,NA,21,21,21,0,0,4.4,6.1,5.88,7.5,adult,"25, 26, 258"
VESPERTILIONIDAE,Myotis,Myotis myotis,NA,NA,0,26.5,NA,1,38.3,NA,1,NA,NA,0,233,NA,1,6.3,11.2,0,NA,NA,NA,1,1,NA,NA,NA,NA,NA,NA,0,0,0,0,NA,11.2,NA,6.3,NA,adult,"4, 258"
VESPERTILIONIDAE,Myotis,Myotis mystacinus,NA,NA,0,5.65,0.35,2,22.15,1.2,2,NA,NA,0,75,NA,1,6,7.1,0,NA,NA,NA,1,1,NA,NA,NA,NA,NA,NA,0,0,0,0,NA,7.1,NA,6,NA,adult,"4, 216"
VESPERTILIONIDAE,Myotis,Myotis nattereri,NA,NA,0,7,NA,1,26.8,NA,1,NA,NA,0,113,NA,1,6.4,6.1,0,NA,NA,NA,1,1,NA,NA,NA,NA,NA,NA,0,0,0,0,NA,6.1,NA,6.4,NA,adult,"4, 258"
VESPERTILIONIDAE,Myotis,Myotis nigricans,NA,NA,0,4.29,0.29,10,21,NA,1,NA,NA,0,68,NA,1,6.5,6.1,0,NA,NA,NA,1,1,NA,NA,NA,NA,NA,NA,0,0,0,0,NA,6.1,NA,6.5,NA,adult,"4, 136"
VESPERTILIONIDAE,Myotis,Myotis occultus,NA,NA,0,8.7,NA,1,26.4,NA,1,NA,NA,0,117,NA,1,6,7.3,0,NA,NA,NA,1,1,NA,NA,NA,NA,NA,NA,0,0,0,0,NA,7.3,NA,6,NA,adult,4
VESPERTILIONIDAE,Myotis,Myotis pequinius,50.27,NA,15,10.89,NA,15,34.23,NA,15,NA,NA,0,190.25,NA,15,6.16,0,0,NA,NA,NA,15,15,NA,NA,NA,NA,NA,NA,0,0,0,0,NA,0,NA,6.16,NA,adult,44
VESPERTILIONIDAE,Myotis,Myotis pilosus,56.1,1.3,28,19.2,2.88,49,37.55,5.68,49,NA,NA,0,237.59,22.67,21,7.9,8.57,0,0.67,0.73,NA,21,21,NA,NA,NA,NA,NA,NA,0,0,0,0,NA,8.57,NA,7.9,NA,adult,"25, 155, 164"
VESPERTILIONIDAE,Myotis,Myotis ridleyi,NA,NA,0,4,0,20,20.5,1.3,20,NA,NA,0,70,10,20,5.65,5.61,0,0.27,0.34,NA,20,20,NA,NA,NA,NA,NA,NA,0,0,0,0,NA,5.61,NA,5.65,NA,adult,"79, 258"
VESPERTILIONIDAE,Myotis,Myotis septentrionalis,36.83,0.39,51,6.47,0.61,61,23.07,2.34,42,NA,NA,0,101.59,6.86,42,5.26,6.25,0,0.72,0.79,NA,42,42,NA,NA,NA,NA,NA,NA,0,0,0,0,NA,6.25,NA,5.26,NA,adult,"101, 120, 241"
VESPERTILIONIDAE,Myotis,Myotis siligorensis,35.1,1.5,14,4.55,0.84,26,20.5,1.12,26,NA,NA,0,80,NA,12,5.51,4.96,0,0.33,0.46,NA,12,12,NA,NA,NA,NA,NA,NA,0,0,0,0,NA,4.96,NA,5.51,NA,adult,"25, 164, 258"
VESPERTILIONIDAE,Myotis,Myotis sodalis,NA,NA,0,6.8,NA,1,23.4,NA,1,NA,NA,0,102,NA,1,5.4,6.5,0,NA,NA,NA,1,1,NA,NA,NA,NA,NA,NA,0,0,0,0,NA,6.5,NA,5.4,NA,adult,"4, 258"
VESPERTILIONIDAE,Myotis,Myotis thysanodes,NA,NA,0,8.4,NA,1,28.5,NA,1,NA,NA,0,134,NA,1,6.1,6.2,0,NA,NA,NA,1,1,NA,NA,NA,NA,NA,NA,0,0,0,0,NA,6.2,NA,6.1,NA,adult,"4, 258"
VESPERTILIONIDAE,Myotis,Myotis tricolor,49.71,1.56,32,13.57,2.06,45,31.56,1.57,44,NA,NA,0,168.59,16.5,44,5.95,6.26,1.45,NA,3.05,NA,46,46,NA,NA,NA,NA,NA,NA,0,0,0,1.45,NA,6.26,NA,5.95,NA,adult,"4, 28, 29, 78, 101, 166, 258"
VESPERTILIONIDAE,Myotis,Myotis velifer,NA,NA,0,9.1,NA,1,29.6,NA,1,NA,NA,0,142,NA,1,6.2,6.3,0,NA,NA,NA,1,1,NA,NA,NA,NA,NA,NA,0,0,0,0,NA,6.3,NA,6.2,NA,adult,"4, 258"
VESPERTILIONIDAE,Myotis,Myotis vivesi,NA,NA,0,25,NA,1,44.8,NA,1,NA,NA,0,271,NA,1,7.4,9,0,NA,NA,NA,1,1,NA,NA,NA,NA,NA,NA,0,0,0,0,NA,9,NA,7.4,NA,adult,"4, 258"
VESPERTILIONIDAE,Myotis,Myotis volans,38.58,0.69,72,6.98,0.54,73,25.29,0.4,73,NA,NA,0,121.34,NA,73,5.28,5.65,0,0.11,0.45,NA,73,73,NA,NA,NA,NA,NA,NA,0,0,0,0,NA,5.65,NA,5.28,NA,adult,"4, 10, 258"
VESPERTILIONIDAE,Myotis,Myotis welwitschii,NA,NA,0,18,NA,1,36.6,NA,1,NA,NA,0,234.9,NA,1,5.7,0,0,NA,NA,NA,1,1,NA,NA,NA,NA,NA,NA,0,0,0,0,NA,0,NA,5.7,NA,adult,"29, 258"
VESPERTILIONIDAE,Myotis,Myotis yumanensis,NA,NA,0,5.2,NA,1,20.3,NA,1,NA,NA,0,65,NA,1,6.3,7.8,0,NA,NA,NA,1,1,NA,NA,NA,NA,NA,NA,0,0,0,0,NA,7.8,NA,6.3,NA,adult,"4, 258"
VESPERTILIONIDAE,Neoromicia,Neoromicia capensis,35.81,1.32,19,7.06,0.77,35,23.21,1.11,34,NA,NA,0,89.87,8.09,34,6.14,5.79,11.67,NA,3.28,NA,45,45,NA,NA,NA,NA,NA,NA,0,0,0,11.67,NA,5.79,NA,6.14,NA,adult,"4, 28, 29, 78, 101, 166, 258"
VESPERTILIONIDAE,Neoromicia,Neoromicia guineensis,NA,NA,0,NA,NA,0,19.8,NA,1,NA,NA,0,NA,NA,0,NA,NA,NA,NA,NA,NA,0,0,NA,NA,NA,NA,NA,NA,0,0,0,NA,NA,NA,NA,NA,NA,adult,"4, 258"
VESPERTILIONIDAE,Neoromicia,Neoromicia nana,NA,NA,0,4.19,0.6,21,21.79,1.06,16,NA,NA,0,81.91,7.99,16,6.08,3.5,12.6,NA,3.8,NA,21,21,NA,NA,NA,NA,NA,NA,0,0,0,12.6,NA,3.5,NA,6.08,NA,adult,"4, 28, 29, 166"
VESPERTILIONIDAE,Neoromicia,Neoromicia rendalli,NA,NA,0,NA,NA,0,26.7,NA,1,NA,NA,0,NA,NA,0,NA,NA,NA,NA,NA,NA,0,0,NA,NA,NA,NA,NA,NA,0,0,0,NA,NA,NA,NA,NA,NA,adult,"4, 258"
VESPERTILIONIDAE,Neoromicia,Neoromicia tenuipinnis,NA,NA,0,5.3,NA,1,19,NA,1,NA,NA,0,52,NA,1,5.5,9.9,0.01,NA,NA,NA,1,1,NA,NA,NA,NA,NA,NA,0,0,0,0.01,NA,9.9,NA,5.5,NA,adult,"4, 258"
VESPERTILIONIDAE,Neoromicia,Neoromicia zuluensis,NA,NA,0,4.51,0.96,7,21.27,0.88,3,NA,NA,0,77.27,7.28,3,6.18,4.07,20.52,NA,2.87,NA,7,7,NA,NA,NA,NA,NA,NA,0,0,0,20.52,NA,4.07,NA,6.18,NA,adult,"4, 29, 166"
VESPERTILIONIDAE,Nyctalus,Nyctalus lasiopterus,64.4,1.52,170,47.9,0.41,155,45,2.33,12,NA,NA,0,NA,NA,0,NA,NA,NA,NA,NA,NA,0,0,NA,NA,NA,NA,NA,NA,0,0,0,NA,NA,NA,NA,NA,NA,adult,"117, 258"
VESPERTILIONIDAE,Nyctalus,Nyctalus leisleri,NA,NA,0,16.9,NA,1,26,NA,1,NA,NA,0,86,NA,1,7.9,19.3,0.01,NA,NA,NA,1,1,NA,NA,NA,NA,NA,NA,0,0,0,0.01,NA,19.3,NA,7.9,NA,adult,"4, 258"
VESPERTILIONIDAE,Nyctalus,Nyctalus noctula,53.99,1.46,135,24.71,2.7,136,28.18,1.3,136,123.06,9.9,135,161,NA,1,7.4,16.1,0.01,NA,NA,NA,1,1,6.43,0,0.01,0.23,NA,NA,135,135,135,0.01,0.01,16.1,0,7.4,6.43,adult,"4, 97, 258"
VESPERTILIONIDAE,Nyctalus,Nyctalus plancyi,50.7,1.3,5,23.59,2.43,31,35.14,2.35,31,NA,NA,0,NA,NA,0,NA,NA,NA,NA,NA,NA,0,0,NA,NA,NA,NA,NA,NA,0,0,0,NA,NA,NA,NA,NA,NA,adult,"154, 164"
VESPERTILIONIDAE,Nycticeinops,Nycticeinops schlieffeni,NA,NA,0,5.2,0.66,13,21.73,0.58,3,NA,NA,0,76.47,3.26,3,6.74,5.67,30.14,NA,2.66,NA,13,13,NA,NA,NA,NA,NA,NA,0,0,0,30.14,NA,5.67,NA,6.74,NA,adult,"4, 29, 166, 258"
VESPERTILIONIDAE,Nycticeius,Nycticeius humeralis,NA,NA,0,9.6,NA,1,24.4,NA,1,NA,NA,0,88,NA,1,6.8,10.7,0.01,NA,NA,NA,1,1,NA,11.8,NA,NA,1,NA,0,5,0,0.01,55.52,10.7,11.8,6.8,NA,adult,"4, 168, 258"
VESPERTILIONIDAE,Nyctophilus,Nyctophilus bifax,43.4,1.13,29,9.9,0.89,58,28.65,2.21,58,NA,NA,0,159.5,17.96,58,5.18,6.2,0,0.53,1.03,NA,58,58,NA,NA,NA,NA,NA,NA,0,0,0,0,NA,6.2,NA,5.18,NA,adult,"27, 158, 258"
VESPERTILIONIDAE,Nyctophilus,Nyctophilus geoffroyi,NA,NA,0,7.33,1.18,32,26.85,0.98,25,NA,NA,0,122.28,13.22,25,5.84,6.19,27.79,0.43,0.55,5.62,27,27,NA,NA,NA,NA,NA,NA,0,0,0,27.79,NA,6.19,NA,5.84,NA,adult,"4, 27, 100, 145, 239"
VESPERTILIONIDAE,Nyctophilus,Nyctophilus gouldi,NA,NA,0,9.28,1.18,24,28.36,2.35,21,NA,NA,0,141.95,22.42,21,5.63,6.48,14.36,0.48,1.09,11.05,24,24,NA,NA,NA,NA,NA,NA,0,0,0,14.36,NA,6.48,NA,5.63,NA,adult,"4, 27, 100, 145, 258"
VESPERTILIONIDAE,Nyctophilus,Nyctophilus shirleyae,NA,NA,0,9.5,NA,1,29.4,NA,1,NA,NA,0,140,NA,1,6.2,6.7,0,NA,NA,NA,1,1,NA,NA,NA,NA,NA,NA,0,0,0,0,NA,6.7,NA,6.2,NA,adult,4
VESPERTILIONIDAE,Parastrellus,Parastrellus hesperus,NA,NA,0,3.9,0.51,6,19.99,0.77,6,NA,NA,0,60.5,6.73,6,6.45,6.23,0,0.48,0.78,NA,6,6,NA,NA,NA,NA,NA,NA,0,0,0,0,NA,6.23,NA,6.45,NA,adult,"4, 110"
VESPERTILIONIDAE,Perimyotis,Perimyotis subflavus,NA,NA,0,5.1,NA,1,23.7,NA,1,NA,NA,0,90,NA,1,6.2,5.6,0,NA,NA,NA,1,1,NA,7.8,NA,NA,1.4,NA,0,20,0,0,45.31,5.6,7.8,6.2,NA,adult,"4, 168"
VESPERTILIONIDAE,Phoniscus,Phoniscus papuensis,37.2,1.03,11,6.1,0.57,22,27.15,1.44,22,NA,NA,0,139.5,28.46,22,5.31,4.32,0,0.26,0.54,NA,22,22,NA,NA,NA,NA,NA,NA,0,0,0,0,NA,4.32,NA,5.31,NA,adult,"27, 158, 258"
VESPERTILIONIDAE,Pipistrellus,Pipistrellus abramus,NA,NA,0,5.82,0.97,64,12.13,0.54,64,NA,NA,0,NA,NA,0,NA,NA,NA,NA,NA,NA,0,0,NA,NA,NA,NA,NA,NA,0,0,0,NA,NA,NA,NA,NA,NA,adult,"165, 258"
VESPERTILIONIDAE,Pipistrellus,Pipistrellus ceylonicus,39,NA,1,8.2,NA,1,25.6,NA,1,NA,NA,0,83,NA,1,7.6,9.6,22.65,0.42,NA,32.03,2,1,NA,NA,NA,NA,NA,NA,0,0,0,22.65,NA,9.6,NA,7.6,NA,adult,"4, 30, 258"
VESPERTILIONIDAE,Pipistrellus,Pipistrellus hesperidus,NA,NA,0,6.93,0.75,15,22,1.17,15,NA,NA,0,85.2,5.24,15,5.62,2.1,0,NA,3.08,NA,15,15,NA,NA,NA,NA,NA,NA,0,0,0,0,NA,2.1,NA,5.62,NA,adult,"28, 29"
VESPERTILIONIDAE,Pipistrellus,Pipistrellus javanicus,NA,NA,0,5.17,0.57,3,20.7,1.9,2,NA,NA,0,76,9.9,3,5.48,6.87,0,0.65,0.95,NA,2,3,NA,NA,NA,NA,NA,NA,0,0,0,0,NA,6.87,NA,5.48,NA,adult,"4, 25, 258"
VESPERTILIONIDAE,Pipistrellus,Pipistrellus kuhlii,NA,NA,0,5.22,0.49,16,23.66,1.49,16,NA,NA,0,80.25,9.09,16,6.98,0.53,0,NA,2.12,NA,16,16,NA,NA,NA,NA,NA,NA,0,0,0,0,NA,0.53,NA,6.98,NA,adult,"4, 257, 258"
VESPERTILIONIDAE,Pipistrellus,Pipistrellus musciculus,NA,NA,0,NA,NA,0,16.2,NA,1,NA,NA,0,NA,NA,0,NA,NA,NA,NA,NA,NA,0,0,NA,NA,NA,NA,NA,NA,0,0,0,NA,NA,NA,NA,NA,NA,adult,4
VESPERTILIONIDAE,Pipistrellus,Pipistrellus nanulus,NA,NA,0,2.5,NA,1,15.2,NA,1,NA,NA,0,NA,NA,0,NA,NA,NA,NA,NA,NA,0,0,NA,NA,NA,NA,NA,NA,0,0,0,NA,NA,NA,NA,NA,NA,adult,"4, 258"
VESPERTILIONIDAE,Pipistrellus,Pipistrellus nathusii,NA,NA,0,6.7,NA,1,21.9,NA,1,NA,NA,0,67,NA,1,7.2,9.8,0.01,NA,NA,NA,1,1,NA,NA,NA,NA,NA,NA,0,0,0,0.01,NA,9.8,NA,7.2,NA,adult,"4, 258"
VESPERTILIONIDAE,Pipistrellus,Pipistrellus pipistrellus,31.79,0.61,20,5.38,0.49,8,22.25,1.11,28,NA,NA,0,76.31,8.13,27,6.53,8.01,0,NA,NA,NA,27,7,NA,NA,NA,NA,NA,NA,0,0,0,0,NA,8.01,NA,6.53,NA,adult,"4, 216, 220, 228, 258"
VESPERTILIONIDAE,Pipistrellus,Pipistrellus pulveratus,NA,NA,0,5.4,0.8,4,23.2,1,4,NA,NA,0,90,10,4,5.68,5.68,0,0.04,0.73,NA,4,4,NA,NA,NA,NA,NA,NA,0,0,0,0,NA,5.68,NA,5.68,NA,adult,25
VESPERTILIONIDAE,Pipistrellus,Pipistrellus rueppellii,NA,NA,0,7,0.61,5,25.2,NA,1,NA,NA,0,101,NA,1,6.3,7.2,28.44,0.52,1.03,NA,5,5,NA,NA,NA,NA,NA,NA,0,0,0,28.44,NA,7.2,NA,6.3,NA,adult,"4, 166, 258"
VESPERTILIONIDAE,Pipistrellus,Pipistrellus rusticus,NA,NA,0,6,1.42,13,20.25,0.92,11,NA,NA,0,73.82,5.65,11,5.76,1.62,6.3,NA,1.12,NA,13,13,NA,NA,NA,NA,NA,NA,0,0,0,6.3,NA,1.62,NA,5.76,NA,adult,"4, 29, 166, 258"
VESPERTILIONIDAE,Pipistrellus,Pipistrellus tenuis,NA,NA,0,3.5,NA,29,19.49,0.96,45,NA,NA,0,56.88,4.5,29,6.79,5.72,0,0.58,0.87,NA,29,29,NA,NA,NA,NA,NA,NA,0,0,0,0,NA,5.72,NA,6.79,NA,adult,"4, 149, 150, 258"
VESPERTILIONIDAE,Plecotus,Plecotus auritus,39.2,0.8,35,9.17,0.29,3,26.42,0.87,31,NA,NA,0,123.5,0.71,2,5.8,7.15,0,0.14,0.07,0,2,2,NA,NA,NA,NA,NA,NA,0,0,0,0,NA,7.15,NA,5.8,NA,adult,"4, 174, 216, 220, 258"
VESPERTILIONIDAE,Plecotus,Plecotus austriacus,NA,NA,0,10,NA,1,27.6,NA,1,NA,NA,0,124,NA,1,6.1,7.9,0,NA,NA,NA,1,1,NA,NA,NA,NA,NA,NA,0,0,0,0,NA,7.9,NA,6.1,NA,adult,"4, 258"
VESPERTILIONIDAE,Rhogeessa,Rhogeessa io,NA,NA,0,4.87,0.38,12,NA,NA,0,NA,NA,0,NA,NA,0,NA,NA,NA,NA,NA,NA,0,0,NA,NA,NA,NA,NA,NA,0,0,0,NA,NA,NA,NA,NA,NA,adult,138
VESPERTILIONIDAE,Rhogeessa,Rhogeessa tumida,NA,NA,0,3.9,NA,1,18.7,NA,1,NA,NA,0,56,NA,1,6.2,6.8,0,NA,NA,NA,1,1,NA,NA,NA,NA,NA,NA,0,0,0,0,NA,6.8,NA,6.2,NA,adult,"4, 258"
VESPERTILIONIDAE,Scoteanax,Scoteanax rueppellii,NA,NA,0,31.72,2.06,4,39.45,1.84,4,NA,NA,0,244,14.51,4,6.35,12.67,0,0.22,0.28,NA,4,4,NA,NA,NA,NA,NA,NA,0,0,0,0,NA,12.67,NA,6.35,NA,adult,"4, 27, 258"
VESPERTILIONIDAE,Scotoecus,Scotoecus albofuscus,NA,NA,0,10.5,NA,1,21.1,NA,1,NA,NA,0,84,NA,1,5.3,0,0.01,NA,NA,NA,1,1,NA,NA,NA,NA,NA,NA,0,0,0,0.01,NA,0,NA,5.3,NA,adult,"29, 258"
VESPERTILIONIDAE,Scotomanes,Scotomanes ornatus,NA,NA,0,20.9,3.3,7,35.8,1.6,7,NA,NA,0,220,10,7,5.89,9.62,0,0.36,1.35,NA,7,7,NA,NA,NA,NA,NA,NA,0,0,0,0,NA,9.62,NA,5.89,NA,adult,"25, 258"
VESPERTILIONIDAE,Scotophilus,Scotophilus borbonicus,51,1,15,16,0.18,6,31.73,1.72,16,NA,NA,0,173.59,11.96,16,6.21,10.19,34.39,0.96,0.94,NA,21,21,NA,NA,NA,NA,NA,NA,0,0,0,34.39,NA,10.19,NA,6.21,NA,adult,"4, 166, 238, 258"
VESPERTILIONIDAE,Scotophilus,Scotophilus dinganii,52,1.7,15,26.45,4.31,50,34.72,1.53,31,NA,NA,0,199.52,19.38,31,6.52,10.46,16.34,NA,5.42,NA,50,50,NA,NA,NA,NA,NA,NA,0,0,0,16.34,NA,10.46,NA,6.52,NA,adult,"4, 28, 29, 87, 166"
VESPERTILIONIDAE,Scotophilus,Scotophilus heathii,63,NA,1,34.5,NA,1,42.5,NA,1,NA,NA,0,225,NA,1,7.2,15,24.05,1.13,NA,34.01,2,1,NA,NA,NA,NA,NA,NA,0,0,0,24.05,NA,15,NA,7.2,NA,adult,"4, 30, 258"
VESPERTILIONIDAE,Scotophilus,Scotophilus kuhlii,50.63,1.61,86,19.91,3.13,120,32.75,3.13,121,118.29,3.28,35,172.47,20.81,85,6.99,11.42,0.52,0.74,2.01,4.8,86,85,7,16.8,0.01,0.15,0.4,NA,35,35,35,0.52,0.01,11.42,16.8,6.99,7,adult,"4, 26, 30, 141, 258"
VESPERTILIONIDAE,Scotophilus,Scotophilus nigrita,NA,NA,0,NA,NA,0,58.4,NA,1,NA,NA,0,NA,NA,0,NA,NA,NA,NA,NA,NA,0,0,NA,NA,NA,NA,NA,NA,0,0,0,NA,NA,NA,NA,NA,NA,adult,"4, 258"
VESPERTILIONIDAE,Scotophilus,Scotophilus viridis,46,1.8,9,26.9,3.05,14,31.15,1.24,14,NA,NA,0,168.84,14.38,14,5.9,16.07,0.01,0.19,2.06,NA,14,14,NA,NA,NA,NA,NA,NA,0,0,0,0.01,NA,16.07,NA,5.9,NA,adult,"28, 87"
VESPERTILIONIDAE,Scotorepens,Scotorepens greyii,NA,NA,0,7.61,1.11,48,24.3,2.2,43,NA,NA,0,100,20,43,6.16,7.85,0,0.49,1.17,NA,43,43,NA,NA,NA,NA,NA,NA,0,0,0,0,NA,7.85,NA,6.16,NA,adult,"27, 239, 258"
VESPERTILIONIDAE,Scotorepens,Scotorepens orion,NA,NA,0,11.38,0.88,5,25.7,1.72,5,NA,NA,0,108.6,9.21,5,6.22,10.56,0,0.72,1.41,NA,5,5,NA,NA,NA,NA,NA,NA,0,0,0,0,NA,10.56,NA,6.22,NA,adult,"4, 27"
VESPERTILIONIDAE,Scotozous,Scotozous dormeri,NA,NA,0,7.8,NA,1,25.6,NA,1,NA,NA,0,84,NA,1,6.9,9.1,0,NA,NA,NA,1,1,NA,NA,NA,NA,NA,NA,0,0,0,0,NA,9.1,NA,6.9,NA,adult,"4, 258"
VESPERTILIONIDAE,Tylonycteris,Tylonycteris pachypus,NA,NA,0,3.3,0.44,128,18.98,0.6,128,NA,NA,0,58.22,3.54,127,6.19,5.72,0,0.3,0.62,NA,127,127,NA,NA,NA,NA,NA,NA,0,0,0,0,NA,5.72,NA,6.19,NA,adult,"4, 25, 80, 258"
VESPERTILIONIDAE,Tylonycteris,Tylonycteris robustula,NA,NA,0,4.9,1.11,74,19.31,0.84,74,52.54,1.23,13,59.04,3.61,61,6.53,7.79,0,0.38,1.39,NA,61,61,7.2,12.2,0.01,0.14,0.29,NA,13,13,13,0,0.01,7.79,12.2,6.53,7.2,adult,"4, 26, 80, 258"
VESPERTILIONIDAE,Vespadelus,Vespadelus darlingtoni,NA,NA,0,6.9,NA,1,26.2,NA,1,NA,NA,0,106,NA,1,6.5,6.4,0,NA,NA,NA,1,1,NA,NA,NA,NA,NA,NA,0,0,0,0,NA,6.4,NA,6.5,NA,adult,"4, 258"
VESPERTILIONIDAE,Vespadelus,Vespadelus finlaysoni,NA,NA,0,5.5,0.4,4,NA,NA,0,NA,NA,0,NA,NA,0,NA,NA,NA,NA,NA,NA,0,0,NA,NA,NA,NA,NA,NA,0,0,0,NA,NA,NA,NA,NA,NA,adult,239
VESPERTILIONIDAE,Vespadelus,Vespadelus pumilus,NA,NA,0,4.42,0.71,45,22.42,1.49,45,NA,NA,0,79.84,9.94,45,6.38,5.57,0,0.58,1.24,NA,45,45,NA,NA,NA,NA,NA,NA,0,0,0,0,NA,5.57,NA,6.38,NA,adult,"4, 27, 258"
VESPERTILIONIDAE,Vespadelus,Vespadelus regulus,NA,NA,0,5.5,0.59,22,23.8,NA,1,NA,NA,0,83,NA,1,5.37,6.79,36.77,0.5,0.88,NA,22,22,NA,NA,NA,NA,NA,NA,0,0,0,36.77,NA,6.79,NA,5.37,NA,adult,"4, 100, 258"
VESPERTILIONIDAE,Vespadelus,Vespadelus vulturnus,NA,NA,0,4.15,0.57,8,18.68,2.2,8,NA,NA,0,61.12,9.79,8,5.48,6.37,0,0.96,0.49,NA,8,8,NA,NA,NA,NA,NA,NA,0,0,0,0,NA,6.37,NA,5.48,NA,adult,"4, 27, 258"
VESPERTILIONIDAE,Vespertilio,Vespertilio murinus,NA,NA,0,12.8,1.84,2,28.8,1.41,2,NA,NA,0,116.5,7.78,2,7.15,10.6,0,0.21,0.57,0,2,2,NA,NA,NA,NA,NA,NA,0,0,0,0,NA,10.6,NA,7.15,NA,adult,"4, 220, 258"
